market,model_name,config_index,model_hyperparameters_dict,start_date,end_date,test_data_values_list,test_data_model_predictions_list
EU_EEX,GRU,0,"{""hidden_units"": 32, ""num_layers"": 2, ""activation"": ""relu"", ""learning_rate"": 0.01, ""batch_size"": 16, ""epochs"": 32}",2022-10-20 00:00:00,2022-10-28 00:00:00,"[68.51, 72.11, 76.87, 75.54, 79.92, 80.91, 79.68]","[67.9342269897461, 67.9342269897461, 67.9342269897461, 67.9342269897461, 67.9342269897461, 67.9342269897461, 67.9342269897461]"
EU_EEX,GRU,1,"{""hidden_units"": 32, ""num_layers"": 2, ""activation"": ""relu"", ""learning_rate"": 0.01, ""batch_size"": 32, ""epochs"": 32}",2022-10-20 00:00:00,2022-10-28 00:00:00,"[68.51, 72.11, 76.87, 75.54, 79.92, 80.91, 79.68]","[67.9342269897461, 67.9342269897461, 67.9342269897461, 67.9342269897461, 67.9342269897461, 67.9342269897461, 67.9342269897461]"
EU_EEX,GRU,2,"{""hidden_units"": 32, ""num_layers"": 2, ""activation"": ""relu"", ""learning_rate"": 0.01, ""batch_size"": 64, ""epochs"": 32}",2022-10-20 00:00:00,2022-10-28 00:00:00,"[68.51, 72.11, 76.87, 75.54, 79.92, 80.91, 79.68]","[67.9342269897461, 67.9342269897461, 67.9342269897461, 67.9342269897461, 67.9342269897461, 67.9342269897461, 67.9342269897461]"
EU_EEX,GRU,3,"{""hidden_units"": 32, ""num_layers"": 2, ""activation"": ""relu"", ""learning_rate"": 0.003, ""batch_size"": 16, ""epochs"": 32}",2022-10-20 00:00:00,2022-10-28 00:00:00,"[68.51, 72.11, 76.87, 75.54, 79.92, 80.91, 79.68]","[67.9342269897461, 67.9342269897461, 67.9342269897461, 67.9342269897461, 67.9342269897461, 67.9342269897461, 67.9342269897461]"
EU_EEX,GRU,4,"{""hidden_units"": 32, ""num_layers"": 2, ""activation"": ""relu"", ""learning_rate"": 0.003, ""batch_size"": 32, ""epochs"": 32}",2022-10-20 00:00:00,2022-10-28 00:00:00,"[68.51, 72.11, 76.87, 75.54, 79.92, 80.91, 79.68]","[67.9342269897461, 67.9342269897461, 67.9342269897461, 67.9342269897461, 67.9342269897461, 67.9342269897461, 67.9342269897461]"
EU_EEX,GRU,5,"{""hidden_units"": 32, ""num_layers"": 2, ""activation"": ""relu"", ""learning_rate"": 0.003, ""batch_size"": 64, ""epochs"": 32}",2022-10-20 00:00:00,2022-10-28 00:00:00,"[68.51, 72.11, 76.87, 75.54, 79.92, 80.91, 79.68]","[67.9342269897461, 67.9342269897461, 67.9342269897461, 67.9342269897461, 67.9342269897461, 67.9342269897461, 67.9342269897461]"
EU_EEX,GRU,6,"{""hidden_units"": 32, ""num_layers"": 2, ""activation"": ""relu"", ""learning_rate"": 0.001, ""batch_size"": 16, ""epochs"": 32}",2022-10-20 00:00:00,2022-10-28 00:00:00,"[68.51, 72.11, 76.87, 75.54, 79.92, 80.91, 79.68]","[67.9342269897461, 67.9342269897461, 67.9342269897461, 67.9342269897461, 67.9342269897461, 67.9342269897461, 67.9342269897461]"
EU_EEX,GRU,7,"{""hidden_units"": 32, ""num_layers"": 2, ""activation"": ""relu"", ""learning_rate"": 0.001, ""batch_size"": 32, ""epochs"": 32}",2022-10-20 00:00:00,2022-10-28 00:00:00,"[68.51, 72.11, 76.87, 75.54, 79.92, 80.91, 79.68]","[67.9342269897461, 67.9342269897461, 67.9342269897461, 67.9342269897461, 67.9342269897461, 67.9342269897461, 67.9342269897461]"
EU_EEX,GRU,8,"{""hidden_units"": 32, ""num_layers"": 2, ""activation"": ""relu"", ""learning_rate"": 0.001, ""batch_size"": 64, ""epochs"": 32}",2022-10-20 00:00:00,2022-10-28 00:00:00,"[68.51, 72.11, 76.87, 75.54, 79.92, 80.91, 79.68]","[67.9342269897461, 67.9342269897461, 67.9342269897461, 67.9342269897461, 67.9342269897461, 67.9342269897461, 67.9342269897461]"
EU_EEX,GRU,9,"{""hidden_units"": 32, ""num_layers"": 2, ""activation"": ""tanh"", ""learning_rate"": 0.01, ""batch_size"": 16, ""epochs"": 32}",2022-10-20 00:00:00,2022-10-28 00:00:00,"[68.51, 72.11, 76.87, 75.54, 79.92, 80.91, 79.68]","[66.58983612060547, 66.93626403808594, 66.27172088623047, 66.14114379882812, 66.15747833251953, 66.16089630126953, 66.16183471679688]"
EU_EEX,GRU,10,"{""hidden_units"": 32, ""num_layers"": 2, ""activation"": ""tanh"", ""learning_rate"": 0.01, ""batch_size"": 32, ""epochs"": 32}",2022-10-20 00:00:00,2022-10-28 00:00:00,"[68.51, 72.11, 76.87, 75.54, 79.92, 80.91, 79.68]","[66.9535140991211, 67.66192626953125, 66.76226043701172, 66.3552474975586, 66.27204895019531, 66.24739837646484, 66.22642517089844]"
EU_EEX,GRU,11,"{""hidden_units"": 32, ""num_layers"": 2, ""activation"": ""tanh"", ""learning_rate"": 0.01, ""batch_size"": 64, ""epochs"": 32}",2022-10-20 00:00:00,2022-10-28 00:00:00,"[68.51, 72.11, 76.87, 75.54, 79.92, 80.91, 79.68]","[66.9535140991211, 67.66192626953125, 66.76226043701172, 66.3552474975586, 66.27204895019531, 66.24739837646484, 66.22642517089844]"
EU_EEX,GRU,12,"{""hidden_units"": 32, ""num_layers"": 2, ""activation"": ""tanh"", ""learning_rate"": 0.003, ""batch_size"": 16, ""epochs"": 32}",2022-10-20 00:00:00,2022-10-28 00:00:00,"[68.51, 72.11, 76.87, 75.54, 79.92, 80.91, 79.68]","[66.74547576904297, 67.03898620605469, 66.60462188720703, 66.21968841552734, 66.12239074707031, 66.11328125, 66.0986557006836]"
EU_EEX,GRU,13,"{""hidden_units"": 32, ""num_layers"": 2, ""activation"": ""tanh"", ""learning_rate"": 0.003, ""batch_size"": 32, ""epochs"": 32}",2022-10-20 00:00:00,2022-10-28 00:00:00,"[68.51, 72.11, 76.87, 75.54, 79.92, 80.91, 79.68]","[67.13493347167969, 67.25285339355469, 67.12028503417969, 66.86613464355469, 66.72775268554688, 66.68999481201172, 66.66082000732422]"
EU_EEX,GRU,14,"{""hidden_units"": 32, ""num_layers"": 2, ""activation"": ""tanh"", ""learning_rate"": 0.003, ""batch_size"": 64, ""epochs"": 32}",2022-10-20 00:00:00,2022-10-28 00:00:00,"[68.51, 72.11, 76.87, 75.54, 79.92, 80.91, 79.68]","[67.13493347167969, 67.25285339355469, 67.12028503417969, 66.86613464355469, 66.72775268554688, 66.68999481201172, 66.66082000732422]"
EU_EEX,GRU,15,"{""hidden_units"": 32, ""num_layers"": 2, ""activation"": ""tanh"", ""learning_rate"": 0.001, ""batch_size"": 16, ""epochs"": 32}",2022-10-20 00:00:00,2022-10-28 00:00:00,"[68.51, 72.11, 76.87, 75.54, 79.92, 80.91, 79.68]","[66.84852600097656, 66.93700408935547, 66.8984375, 66.74307250976562, 66.61835479736328, 66.6043701171875, 66.58849334716797]"
EU_EEX,GRU,16,"{""hidden_units"": 32, ""num_layers"": 2, ""activation"": ""tanh"", ""learning_rate"": 0.001, ""batch_size"": 32, ""epochs"": 32}",2022-10-20 00:00:00,2022-10-28 00:00:00,"[68.51, 72.11, 76.87, 75.54, 79.92, 80.91, 79.68]","[66.82660675048828, 66.90216064453125, 66.91056823730469, 66.88002014160156, 66.85231018066406, 66.87773895263672, 66.88053131103516]"
EU_EEX,GRU,17,"{""hidden_units"": 32, ""num_layers"": 2, ""activation"": ""tanh"", ""learning_rate"": 0.001, ""batch_size"": 64, ""epochs"": 32}",2022-10-20 00:00:00,2022-10-28 00:00:00,"[68.51, 72.11, 76.87, 75.54, 79.92, 80.91, 79.68]","[66.82660675048828, 66.90216064453125, 66.91056823730469, 66.88002014160156, 66.85231018066406, 66.87773895263672, 66.88053131103516]"
EU_EEX,GRU,18,"{""hidden_units"": 32, ""num_layers"": 2, ""activation"": ""swish"", ""learning_rate"": 0.01, ""batch_size"": 16, ""epochs"": 32}",2022-10-20 00:00:00,2022-10-28 00:00:00,"[68.51, 72.11, 76.87, 75.54, 79.92, 80.91, 79.68]","[67.37715148925781, 67.37731170654297, 67.37884521484375, 67.38114166259766, 67.37994384765625, 67.38141632080078, 67.3816146850586]"
EU_EEX,GRU,19,"{""hidden_units"": 32, ""num_layers"": 2, ""activation"": ""swish"", ""learning_rate"": 0.01, ""batch_size"": 32, ""epochs"": 32}",2022-10-20 00:00:00,2022-10-28 00:00:00,"[68.51, 72.11, 76.87, 75.54, 79.92, 80.91, 79.68]","[67.38717651367188, 67.3861083984375, 67.3888931274414, 67.39237213134766, 67.39231872558594, 67.39488983154297, 67.39592742919922]"
EU_EEX,GRU,20,"{""hidden_units"": 32, ""num_layers"": 2, ""activation"": ""swish"", ""learning_rate"": 0.01, ""batch_size"": 64, ""epochs"": 32}",2022-10-20 00:00:00,2022-10-28 00:00:00,"[68.51, 72.11, 76.87, 75.54, 79.92, 80.91, 79.68]","[67.38717651367188, 67.3861083984375, 67.3888931274414, 67.39237213134766, 67.39231872558594, 67.39488983154297, 67.39592742919922]"
EU_EEX,GRU,21,"{""hidden_units"": 32, ""num_layers"": 2, ""activation"": ""swish"", ""learning_rate"": 0.003, ""batch_size"": 16, ""epochs"": 32}",2022-10-20 00:00:00,2022-10-28 00:00:00,"[68.51, 72.11, 76.87, 75.54, 79.92, 80.91, 79.68]","[67.4195327758789, 67.41143035888672, 67.41460418701172, 67.42462158203125, 67.43030548095703, 67.4311752319336, 67.43115997314453]"
EU_EEX,GRU,22,"{""hidden_units"": 32, ""num_layers"": 2, ""activation"": ""swish"", ""learning_rate"": 0.003, ""batch_size"": 32, ""epochs"": 32}",2022-10-20 00:00:00,2022-10-28 00:00:00,"[68.51, 72.11, 76.87, 75.54, 79.92, 80.91, 79.68]","[67.369873046875, 67.36419677734375, 67.36529541015625, 67.37227630615234, 67.37976837158203, 67.38240051269531, 67.38480377197266]"
EU_EEX,GRU,23,"{""hidden_units"": 32, ""num_layers"": 2, ""activation"": ""swish"", ""learning_rate"": 0.003, ""batch_size"": 64, ""epochs"": 32}",2022-10-20 00:00:00,2022-10-28 00:00:00,"[68.51, 72.11, 76.87, 75.54, 79.92, 80.91, 79.68]","[67.369873046875, 67.36419677734375, 67.36529541015625, 67.37227630615234, 67.37976837158203, 67.38240051269531, 67.38480377197266]"
EU_EEX,GRU,24,"{""hidden_units"": 32, ""num_layers"": 2, ""activation"": ""swish"", ""learning_rate"": 0.001, ""batch_size"": 16, ""epochs"": 32}",2022-10-20 00:00:00,2022-10-28 00:00:00,"[68.51, 72.11, 76.87, 75.54, 79.92, 80.91, 79.68]","[67.36373901367188, 67.36062622070312, 67.36041259765625, 67.3623275756836, 67.36514282226562, 67.36512756347656, 67.3655776977539]"
EU_EEX,GRU,25,"{""hidden_units"": 32, ""num_layers"": 2, ""activation"": ""swish"", ""learning_rate"": 0.001, ""batch_size"": 32, ""epochs"": 32}",2022-10-20 00:00:00,2022-10-28 00:00:00,"[68.51, 72.11, 76.87, 75.54, 79.92, 80.91, 79.68]","[67.37362670898438, 67.38089752197266, 67.38208770751953, 67.37847900390625, 67.37590026855469, 67.3772964477539, 67.37748718261719]"
EU_EEX,GRU,26,"{""hidden_units"": 32, ""num_layers"": 2, ""activation"": ""swish"", ""learning_rate"": 0.001, ""batch_size"": 64, ""epochs"": 32}",2022-10-20 00:00:00,2022-10-28 00:00:00,"[68.51, 72.11, 76.87, 75.54, 79.92, 80.91, 79.68]","[67.37362670898438, 67.38089752197266, 67.38208770751953, 67.37847900390625, 67.37590026855469, 67.3772964477539, 67.37748718261719]"
EU_EEX,GRU,27,"{""hidden_units"": 32, ""num_layers"": 3, ""activation"": ""relu"", ""learning_rate"": 0.01, ""batch_size"": 16, ""epochs"": 32}",2022-10-20 00:00:00,2022-10-28 00:00:00,"[68.51, 72.11, 76.87, 75.54, 79.92, 80.91, 79.68]","[67.9342269897461, 67.9342269897461, 67.9342269897461, 67.9342269897461, 67.9342269897461, 67.9342269897461, 67.9342269897461]"
EU_EEX,GRU,28,"{""hidden_units"": 32, ""num_layers"": 3, ""activation"": ""relu"", ""learning_rate"": 0.01, ""batch_size"": 32, ""epochs"": 32}",2022-10-20 00:00:00,2022-10-28 00:00:00,"[68.51, 72.11, 76.87, 75.54, 79.92, 80.91, 79.68]","[67.9342269897461, 67.9342269897461, 67.9342269897461, 67.9342269897461, 67.9342269897461, 67.9342269897461, 67.9342269897461]"
EU_EEX,GRU,29,"{""hidden_units"": 32, ""num_layers"": 3, ""activation"": ""relu"", ""learning_rate"": 0.01, ""batch_size"": 64, ""epochs"": 32}",2022-10-20 00:00:00,2022-10-28 00:00:00,"[68.51, 72.11, 76.87, 75.54, 79.92, 80.91, 79.68]","[67.9342269897461, 67.9342269897461, 67.9342269897461, 67.9342269897461, 67.9342269897461, 67.9342269897461, 67.9342269897461]"
EU_EEX,GRU,30,"{""hidden_units"": 32, ""num_layers"": 3, ""activation"": ""relu"", ""learning_rate"": 0.003, ""batch_size"": 16, ""epochs"": 32}",2022-10-20 00:00:00,2022-10-28 00:00:00,"[68.51, 72.11, 76.87, 75.54, 79.92, 80.91, 79.68]","[67.9342269897461, 67.9342269897461, 67.9342269897461, 67.9342269897461, 67.9342269897461, 67.9342269897461, 67.9342269897461]"
EU_EEX,GRU,31,"{""hidden_units"": 32, ""num_layers"": 3, ""activation"": ""relu"", ""learning_rate"": 0.003, ""batch_size"": 32, ""epochs"": 32}",2022-10-20 00:00:00,2022-10-28 00:00:00,"[68.51, 72.11, 76.87, 75.54, 79.92, 80.91, 79.68]","[67.9342269897461, 67.9342269897461, 67.9342269897461, 67.9342269897461, 67.9342269897461, 67.9342269897461, 67.9342269897461]"
EU_EEX,GRU,32,"{""hidden_units"": 32, ""num_layers"": 3, ""activation"": ""relu"", ""learning_rate"": 0.003, ""batch_size"": 64, ""epochs"": 32}",2022-10-20 00:00:00,2022-10-28 00:00:00,"[68.51, 72.11, 76.87, 75.54, 79.92, 80.91, 79.68]","[67.9342269897461, 67.9342269897461, 67.9342269897461, 67.9342269897461, 67.9342269897461, 67.9342269897461, 67.9342269897461]"
EU_EEX,GRU,33,"{""hidden_units"": 32, ""num_layers"": 3, ""activation"": ""relu"", ""learning_rate"": 0.001, ""batch_size"": 16, ""epochs"": 32}",2022-10-20 00:00:00,2022-10-28 00:00:00,"[68.51, 72.11, 76.87, 75.54, 79.92, 80.91, 79.68]","[67.9342269897461, 67.9342269897461, 67.9342269897461, 67.9342269897461, 67.9342269897461, 67.9342269897461, 67.9342269897461]"
EU_EEX,GRU,34,"{""hidden_units"": 32, ""num_layers"": 3, ""activation"": ""relu"", ""learning_rate"": 0.001, ""batch_size"": 32, ""epochs"": 32}",2022-10-20 00:00:00,2022-10-28 00:00:00,"[68.51, 72.11, 76.87, 75.54, 79.92, 80.91, 79.68]","[67.9342269897461, 67.9342269897461, 67.9342269897461, 67.9342269897461, 67.9342269897461, 67.9342269897461, 67.9342269897461]"
EU_EEX,GRU,35,"{""hidden_units"": 32, ""num_layers"": 3, ""activation"": ""relu"", ""learning_rate"": 0.001, ""batch_size"": 64, ""epochs"": 32}",2022-10-20 00:00:00,2022-10-28 00:00:00,"[68.51, 72.11, 76.87, 75.54, 79.92, 80.91, 79.68]","[67.9342269897461, 67.9342269897461, 67.9342269897461, 67.9342269897461, 67.9342269897461, 67.9342269897461, 67.9342269897461]"
EU_EEX,GRU,36,"{""hidden_units"": 32, ""num_layers"": 3, ""activation"": ""tanh"", ""learning_rate"": 0.01, ""batch_size"": 16, ""epochs"": 32}",2022-10-20 00:00:00,2022-10-28 00:00:00,"[68.51, 72.11, 76.87, 75.54, 79.92, 80.91, 79.68]","[66.5856704711914, 66.62493133544922, 66.34990692138672, 66.1814193725586, 66.12254333496094, 66.08171844482422, 66.05697631835938]"
EU_EEX,GRU,37,"{""hidden_units"": 32, ""num_layers"": 3, ""activation"": ""tanh"", ""learning_rate"": 0.01, ""batch_size"": 32, ""epochs"": 32}",2022-10-20 00:00:00,2022-10-28 00:00:00,"[68.51, 72.11, 76.87, 75.54, 79.92, 80.91, 79.68]","[66.40592193603516, 66.531494140625, 66.07054901123047, 65.93252563476562, 65.90960693359375, 65.90569305419922, 65.90265655517578]"
EU_EEX,GRU,38,"{""hidden_units"": 32, ""num_layers"": 3, ""activation"": ""tanh"", ""learning_rate"": 0.01, ""batch_size"": 64, ""epochs"": 32}",2022-10-20 00:00:00,2022-10-28 00:00:00,"[68.51, 72.11, 76.87, 75.54, 79.92, 80.91, 79.68]","[66.40592193603516, 66.531494140625, 66.07054901123047, 65.93252563476562, 65.90960693359375, 65.90569305419922, 65.90265655517578]"
EU_EEX,GRU,39,"{""hidden_units"": 32, ""num_layers"": 3, ""activation"": ""tanh"", ""learning_rate"": 0.003, ""batch_size"": 16, ""epochs"": 32}",2022-10-20 00:00:00,2022-10-28 00:00:00,"[68.51, 72.11, 76.87, 75.54, 79.92, 80.91, 79.68]","[66.3431167602539, 66.30277252197266, 66.11860656738281, 65.98870086669922, 65.94579315185547, 65.92964935302734, 65.92232513427734]"
EU_EEX,GRU,40,"{""hidden_units"": 32, ""num_layers"": 3, ""activation"": ""tanh"", ""learning_rate"": 0.003, ""batch_size"": 32, ""epochs"": 32}",2022-10-20 00:00:00,2022-10-28 00:00:00,"[68.51, 72.11, 76.87, 75.54, 79.92, 80.91, 79.68]","[66.84412384033203, 66.83841705322266, 66.7240219116211, 66.49813079833984, 66.33514404296875, 66.24613189697266, 66.18844604492188]"
EU_EEX,GRU,41,"{""hidden_units"": 32, ""num_layers"": 3, ""activation"": ""tanh"", ""learning_rate"": 0.003, ""batch_size"": 64, ""epochs"": 32}",2022-10-20 00:00:00,2022-10-28 00:00:00,"[68.51, 72.11, 76.87, 75.54, 79.92, 80.91, 79.68]","[66.84412384033203, 66.83841705322266, 66.7240219116211, 66.49813079833984, 66.33514404296875, 66.24613189697266, 66.18844604492188]"
EU_EEX,GRU,42,"{""hidden_units"": 32, ""num_layers"": 3, ""activation"": ""tanh"", ""learning_rate"": 0.001, ""batch_size"": 16, ""epochs"": 32}",2022-10-20 00:00:00,2022-10-28 00:00:00,"[68.51, 72.11, 76.87, 75.54, 79.92, 80.91, 79.68]","[66.8230209350586, 66.87409973144531, 66.82581329345703, 66.6236343383789, 66.4356918334961, 66.33021545410156, 66.24095153808594]"
EU_EEX,GRU,43,"{""hidden_units"": 32, ""num_layers"": 3, ""activation"": ""tanh"", ""learning_rate"": 0.001, ""batch_size"": 32, ""epochs"": 32}",2022-10-20 00:00:00,2022-10-28 00:00:00,"[68.51, 72.11, 76.87, 75.54, 79.92, 80.91, 79.68]","[67.01189422607422, 67.138427734375, 67.17179870605469, 67.04383850097656, 66.85293579101562, 66.71204376220703, 66.56453704833984]"
EU_EEX,GRU,44,"{""hidden_units"": 32, ""num_layers"": 3, ""activation"": ""tanh"", ""learning_rate"": 0.001, ""batch_size"": 64, ""epochs"": 32}",2022-10-20 00:00:00,2022-10-28 00:00:00,"[68.51, 72.11, 76.87, 75.54, 79.92, 80.91, 79.68]","[67.01189422607422, 67.138427734375, 67.17179870605469, 67.04383850097656, 66.85293579101562, 66.71204376220703, 66.56453704833984]"
EU_EEX,GRU,45,"{""hidden_units"": 32, ""num_layers"": 3, ""activation"": ""swish"", ""learning_rate"": 0.01, ""batch_size"": 16, ""epochs"": 32}",2022-10-20 00:00:00,2022-10-28 00:00:00,"[68.51, 72.11, 76.87, 75.54, 79.92, 80.91, 79.68]","[67.35955810546875, 67.35950469970703, 67.35968017578125, 67.359619140625, 67.35942077636719, 67.35977172851562, 67.36016845703125]"
EU_EEX,GRU,46,"{""hidden_units"": 32, ""num_layers"": 3, ""activation"": ""swish"", ""learning_rate"": 0.01, ""batch_size"": 32, ""epochs"": 32}",2022-10-20 00:00:00,2022-10-28 00:00:00,"[68.51, 72.11, 76.87, 75.54, 79.92, 80.91, 79.68]","[67.35960388183594, 67.35941314697266, 67.35940551757812, 67.35941314697266, 67.35945129394531, 67.35941314697266, 67.35945892333984]"
EU_EEX,GRU,47,"{""hidden_units"": 32, ""num_layers"": 3, ""activation"": ""swish"", ""learning_rate"": 0.01, ""batch_size"": 64, ""epochs"": 32}",2022-10-20 00:00:00,2022-10-28 00:00:00,"[68.51, 72.11, 76.87, 75.54, 79.92, 80.91, 79.68]","[67.35960388183594, 67.35941314697266, 67.35940551757812, 67.35941314697266, 67.35945129394531, 67.35941314697266, 67.35945892333984]"
EU_EEX,GRU,48,"{""hidden_units"": 32, ""num_layers"": 3, ""activation"": ""swish"", ""learning_rate"": 0.003, ""batch_size"": 16, ""epochs"": 32}",2022-10-20 00:00:00,2022-10-28 00:00:00,"[68.51, 72.11, 76.87, 75.54, 79.92, 80.91, 79.68]","[67.44873809814453, 67.44505310058594, 67.44491577148438, 67.44943237304688, 67.4543228149414, 67.457275390625, 67.45940399169922]"
EU_EEX,GRU,49,"{""hidden_units"": 32, ""num_layers"": 3, ""activation"": ""swish"", ""learning_rate"": 0.003, ""batch_size"": 32, ""epochs"": 32}",2022-10-20 00:00:00,2022-10-28 00:00:00,"[68.51, 72.11, 76.87, 75.54, 79.92, 80.91, 79.68]","[67.3886947631836, 67.38237762451172, 67.38304138183594, 67.39273834228516, 67.40425109863281, 67.4115219116211, 67.41827392578125]"
EU_EEX,GRU,50,"{""hidden_units"": 32, ""num_layers"": 3, ""activation"": ""swish"", ""learning_rate"": 0.003, ""batch_size"": 64, ""epochs"": 32}",2022-10-20 00:00:00,2022-10-28 00:00:00,"[68.51, 72.11, 76.87, 75.54, 79.92, 80.91, 79.68]","[67.3886947631836, 67.38237762451172, 67.38304138183594, 67.39273834228516, 67.40425109863281, 67.4115219116211, 67.41827392578125]"
EU_EEX,GRU,51,"{""hidden_units"": 32, ""num_layers"": 3, ""activation"": ""swish"", ""learning_rate"": 0.001, ""batch_size"": 16, ""epochs"": 32}",2022-10-20 00:00:00,2022-10-28 00:00:00,"[68.51, 72.11, 76.87, 75.54, 79.92, 80.91, 79.68]","[67.39208984375, 67.3840560913086, 67.38182067871094, 67.38761901855469, 67.39680480957031, 67.40275573730469, 67.41136169433594]"
EU_EEX,GRU,52,"{""hidden_units"": 32, ""num_layers"": 3, ""activation"": ""swish"", ""learning_rate"": 0.001, ""batch_size"": 32, ""epochs"": 32}",2022-10-20 00:00:00,2022-10-28 00:00:00,"[68.51, 72.11, 76.87, 75.54, 79.92, 80.91, 79.68]","[67.36569213867188, 67.36233520507812, 67.36141967773438, 67.3631362915039, 67.36668395996094, 67.36975860595703, 67.37494659423828]"
EU_EEX,GRU,53,"{""hidden_units"": 32, ""num_layers"": 3, ""activation"": ""swish"", ""learning_rate"": 0.001, ""batch_size"": 64, ""epochs"": 32}",2022-10-20 00:00:00,2022-10-28 00:00:00,"[68.51, 72.11, 76.87, 75.54, 79.92, 80.91, 79.68]","[67.36569213867188, 67.36233520507812, 67.36141967773438, 67.3631362915039, 67.36668395996094, 67.36975860595703, 67.37494659423828]"
EU_EEX,GRU,54,"{""hidden_units"": 32, ""num_layers"": 4, ""activation"": ""relu"", ""learning_rate"": 0.01, ""batch_size"": 16, ""epochs"": 32}",2022-10-20 00:00:00,2022-10-28 00:00:00,"[68.51, 72.11, 76.87, 75.54, 79.92, 80.91, 79.68]","[67.9342269897461, 67.9342269897461, 67.9342269897461, 67.9342269897461, 67.9342269897461, 67.9342269897461, 67.9342269897461]"
EU_EEX,GRU,55,"{""hidden_units"": 32, ""num_layers"": 4, ""activation"": ""relu"", ""learning_rate"": 0.01, ""batch_size"": 32, ""epochs"": 32}",2022-10-20 00:00:00,2022-10-28 00:00:00,"[68.51, 72.11, 76.87, 75.54, 79.92, 80.91, 79.68]","[67.9342269897461, 67.9342269897461, 67.9342269897461, 67.9342269897461, 67.9342269897461, 67.9342269897461, 67.9342269897461]"
EU_EEX,GRU,56,"{""hidden_units"": 32, ""num_layers"": 4, ""activation"": ""relu"", ""learning_rate"": 0.01, ""batch_size"": 64, ""epochs"": 32}",2022-10-20 00:00:00,2022-10-28 00:00:00,"[68.51, 72.11, 76.87, 75.54, 79.92, 80.91, 79.68]","[67.9342269897461, 67.9342269897461, 67.9342269897461, 67.9342269897461, 67.9342269897461, 67.9342269897461, 67.9342269897461]"
EU_EEX,GRU,57,"{""hidden_units"": 32, ""num_layers"": 4, ""activation"": ""relu"", ""learning_rate"": 0.003, ""batch_size"": 16, ""epochs"": 32}",2022-10-20 00:00:00,2022-10-28 00:00:00,"[68.51, 72.11, 76.87, 75.54, 79.92, 80.91, 79.68]","[67.9342269897461, 67.9342269897461, 67.9342269897461, 67.9342269897461, 67.9342269897461, 67.9342269897461, 67.9342269897461]"
EU_EEX,GRU,58,"{""hidden_units"": 32, ""num_layers"": 4, ""activation"": ""relu"", ""learning_rate"": 0.003, ""batch_size"": 32, ""epochs"": 32}",2022-10-20 00:00:00,2022-10-28 00:00:00,"[68.51, 72.11, 76.87, 75.54, 79.92, 80.91, 79.68]","[67.9342269897461, 67.9342269897461, 67.9342269897461, 67.9342269897461, 67.9342269897461, 67.9342269897461, 67.9342269897461]"
EU_EEX,GRU,59,"{""hidden_units"": 32, ""num_layers"": 4, ""activation"": ""relu"", ""learning_rate"": 0.003, ""batch_size"": 64, ""epochs"": 32}",2022-10-20 00:00:00,2022-10-28 00:00:00,"[68.51, 72.11, 76.87, 75.54, 79.92, 80.91, 79.68]","[67.9342269897461, 67.9342269897461, 67.9342269897461, 67.9342269897461, 67.9342269897461, 67.9342269897461, 67.9342269897461]"
EU_EEX,GRU,60,"{""hidden_units"": 32, ""num_layers"": 4, ""activation"": ""relu"", ""learning_rate"": 0.001, ""batch_size"": 16, ""epochs"": 32}",2022-10-20 00:00:00,2022-10-28 00:00:00,"[68.51, 72.11, 76.87, 75.54, 79.92, 80.91, 79.68]","[67.9342269897461, 67.9342269897461, 67.9342269897461, 67.9342269897461, 67.9342269897461, 67.9342269897461, 67.9342269897461]"
EU_EEX,GRU,61,"{""hidden_units"": 32, ""num_layers"": 4, ""activation"": ""relu"", ""learning_rate"": 0.001, ""batch_size"": 32, ""epochs"": 32}",2022-10-20 00:00:00,2022-10-28 00:00:00,"[68.51, 72.11, 76.87, 75.54, 79.92, 80.91, 79.68]","[67.9342269897461, 67.9342269897461, 67.9342269897461, 67.9342269897461, 67.9342269897461, 67.9342269897461, 67.9342269897461]"
EU_EEX,GRU,62,"{""hidden_units"": 32, ""num_layers"": 4, ""activation"": ""relu"", ""learning_rate"": 0.001, ""batch_size"": 64, ""epochs"": 32}",2022-10-20 00:00:00,2022-10-28 00:00:00,"[68.51, 72.11, 76.87, 75.54, 79.92, 80.91, 79.68]","[67.9342269897461, 67.9342269897461, 67.9342269897461, 67.9342269897461, 67.9342269897461, 67.9342269897461, 67.9342269897461]"
EU_EEX,GRU,63,"{""hidden_units"": 32, ""num_layers"": 4, ""activation"": ""tanh"", ""learning_rate"": 0.01, ""batch_size"": 16, ""epochs"": 32}",2022-10-20 00:00:00,2022-10-28 00:00:00,"[68.51, 72.11, 76.87, 75.54, 79.92, 80.91, 79.68]","[66.893798828125, 67.10749816894531, 67.06498718261719, 66.8862075805664, 66.73332977294922, 66.76412963867188, 66.75348663330078]"
EU_EEX,GRU,64,"{""hidden_units"": 32, ""num_layers"": 4, ""activation"": ""tanh"", ""learning_rate"": 0.01, ""batch_size"": 32, ""epochs"": 32}",2022-10-20 00:00:00,2022-10-28 00:00:00,"[68.51, 72.11, 76.87, 75.54, 79.92, 80.91, 79.68]","[66.54993438720703, 66.65325927734375, 66.46044158935547, 66.31578063964844, 66.27299499511719, 66.2542953491211, 66.23896026611328]"
EU_EEX,GRU,65,"{""hidden_units"": 32, ""num_layers"": 4, ""activation"": ""tanh"", ""learning_rate"": 0.01, ""batch_size"": 64, ""epochs"": 32}",2022-10-20 00:00:00,2022-10-28 00:00:00,"[68.51, 72.11, 76.87, 75.54, 79.92, 80.91, 79.68]","[66.54993438720703, 66.65325927734375, 66.46044158935547, 66.31578063964844, 66.27299499511719, 66.2542953491211, 66.23896026611328]"
EU_EEX,GRU,66,"{""hidden_units"": 32, ""num_layers"": 4, ""activation"": ""tanh"", ""learning_rate"": 0.003, ""batch_size"": 16, ""epochs"": 32}",2022-10-20 00:00:00,2022-10-28 00:00:00,"[68.51, 72.11, 76.87, 75.54, 79.92, 80.91, 79.68]","[66.52876281738281, 66.45248413085938, 66.34239196777344, 66.2386703491211, 66.18952941894531, 66.1642074584961, 66.1454849243164]"
EU_EEX,GRU,67,"{""hidden_units"": 32, ""num_layers"": 4, ""activation"": ""tanh"", ""learning_rate"": 0.003, ""batch_size"": 32, ""epochs"": 32}",2022-10-20 00:00:00,2022-10-28 00:00:00,"[68.51, 72.11, 76.87, 75.54, 79.92, 80.91, 79.68]","[66.7789306640625, 66.74571228027344, 66.65803527832031, 66.51897430419922, 66.41423034667969, 66.33690643310547, 66.27264404296875]"
EU_EEX,GRU,68,"{""hidden_units"": 32, ""num_layers"": 4, ""activation"": ""tanh"", ""learning_rate"": 0.003, ""batch_size"": 64, ""epochs"": 32}",2022-10-20 00:00:00,2022-10-28 00:00:00,"[68.51, 72.11, 76.87, 75.54, 79.92, 80.91, 79.68]","[66.7789306640625, 66.74571228027344, 66.65803527832031, 66.51897430419922, 66.41423034667969, 66.33690643310547, 66.27264404296875]"
EU_EEX,GRU,69,"{""hidden_units"": 32, ""num_layers"": 4, ""activation"": ""tanh"", ""learning_rate"": 0.001, ""batch_size"": 16, ""epochs"": 32}",2022-10-20 00:00:00,2022-10-28 00:00:00,"[68.51, 72.11, 76.87, 75.54, 79.92, 80.91, 79.68]","[66.80525970458984, 66.82392120361328, 66.77056884765625, 66.65264892578125, 66.5502700805664, 66.4775161743164, 66.3926010131836]"
EU_EEX,GRU,70,"{""hidden_units"": 32, ""num_layers"": 4, ""activation"": ""tanh"", ""learning_rate"": 0.001, ""batch_size"": 32, ""epochs"": 32}",2022-10-20 00:00:00,2022-10-28 00:00:00,"[68.51, 72.11, 76.87, 75.54, 79.92, 80.91, 79.68]","[66.81855010986328, 66.89635467529297, 66.891845703125, 66.7989730834961, 66.68931579589844, 66.60371398925781, 66.49832153320312]"
EU_EEX,GRU,71,"{""hidden_units"": 32, ""num_layers"": 4, ""activation"": ""tanh"", ""learning_rate"": 0.001, ""batch_size"": 64, ""epochs"": 32}",2022-10-20 00:00:00,2022-10-28 00:00:00,"[68.51, 72.11, 76.87, 75.54, 79.92, 80.91, 79.68]","[66.81855010986328, 66.89635467529297, 66.891845703125, 66.7989730834961, 66.68931579589844, 66.60371398925781, 66.49832153320312]"
EU_EEX,GRU,72,"{""hidden_units"": 32, ""num_layers"": 4, ""activation"": ""swish"", ""learning_rate"": 0.01, ""batch_size"": 16, ""epochs"": 32}",2022-10-20 00:00:00,2022-10-28 00:00:00,"[68.51, 72.11, 76.87, 75.54, 79.92, 80.91, 79.68]","[67.36028289794922, 67.36006927490234, 67.36004638671875, 67.36017608642578, 67.36029815673828, 67.36022186279297, 67.36019134521484]"
EU_EEX,GRU,73,"{""hidden_units"": 32, ""num_layers"": 4, ""activation"": ""swish"", ""learning_rate"": 0.01, ""batch_size"": 32, ""epochs"": 32}",2022-10-20 00:00:00,2022-10-28 00:00:00,"[68.51, 72.11, 76.87, 75.54, 79.92, 80.91, 79.68]","[67.35942077636719, 67.35941314697266, 67.35940551757812, 67.35941314697266, 67.35940551757812, 67.35941314697266, 67.35941314697266]"
EU_EEX,GRU,74,"{""hidden_units"": 32, ""num_layers"": 4, ""activation"": ""swish"", ""learning_rate"": 0.01, ""batch_size"": 64, ""epochs"": 32}",2022-10-20 00:00:00,2022-10-28 00:00:00,"[68.51, 72.11, 76.87, 75.54, 79.92, 80.91, 79.68]","[67.35942077636719, 67.35941314697266, 67.35940551757812, 67.35941314697266, 67.35940551757812, 67.35941314697266, 67.35941314697266]"
EU_EEX,GRU,75,"{""hidden_units"": 32, ""num_layers"": 4, ""activation"": ""swish"", ""learning_rate"": 0.003, ""batch_size"": 16, ""epochs"": 32}",2022-10-20 00:00:00,2022-10-28 00:00:00,"[68.51, 72.11, 76.87, 75.54, 79.92, 80.91, 79.68]","[67.38519287109375, 67.38353729248047, 67.38330841064453, 67.38417053222656, 67.38500213623047, 67.38433837890625, 67.38447570800781]"
EU_EEX,GRU,76,"{""hidden_units"": 32, ""num_layers"": 4, ""activation"": ""swish"", ""learning_rate"": 0.003, ""batch_size"": 32, ""epochs"": 32}",2022-10-20 00:00:00,2022-10-28 00:00:00,"[68.51, 72.11, 76.87, 75.54, 79.92, 80.91, 79.68]","[67.36600494384766, 67.36543273925781, 67.36563110351562, 67.3663330078125, 67.36656951904297, 67.3664779663086, 67.36666107177734]"
EU_EEX,GRU,77,"{""hidden_units"": 32, ""num_layers"": 4, ""activation"": ""swish"", ""learning_rate"": 0.003, ""batch_size"": 64, ""epochs"": 32}",2022-10-20 00:00:00,2022-10-28 00:00:00,"[68.51, 72.11, 76.87, 75.54, 79.92, 80.91, 79.68]","[67.36600494384766, 67.36543273925781, 67.36563110351562, 67.3663330078125, 67.36656951904297, 67.3664779663086, 67.36666107177734]"
EU_EEX,GRU,78,"{""hidden_units"": 32, ""num_layers"": 4, ""activation"": ""swish"", ""learning_rate"": 0.001, ""batch_size"": 16, ""epochs"": 32}",2022-10-20 00:00:00,2022-10-28 00:00:00,"[68.51, 72.11, 76.87, 75.54, 79.92, 80.91, 79.68]","[67.39532470703125, 67.3920669555664, 67.39141845703125, 67.39302062988281, 67.39488220214844, 67.39482879638672, 67.3967514038086]"
EU_EEX,GRU,79,"{""hidden_units"": 32, ""num_layers"": 4, ""activation"": ""swish"", ""learning_rate"": 0.001, ""batch_size"": 32, ""epochs"": 32}",2022-10-20 00:00:00,2022-10-28 00:00:00,"[68.51, 72.11, 76.87, 75.54, 79.92, 80.91, 79.68]","[67.40277099609375, 67.3985595703125, 67.3981704711914, 67.40065002441406, 67.40322875976562, 67.40397644042969, 67.4072036743164]"
EU_EEX,GRU,80,"{""hidden_units"": 32, ""num_layers"": 4, ""activation"": ""swish"", ""learning_rate"": 0.001, ""batch_size"": 64, ""epochs"": 32}",2022-10-20 00:00:00,2022-10-28 00:00:00,"[68.51, 72.11, 76.87, 75.54, 79.92, 80.91, 79.68]","[67.40277099609375, 67.3985595703125, 67.3981704711914, 67.40065002441406, 67.40322875976562, 67.40397644042969, 67.4072036743164]"
EU_EEX,GRU,81,"{""hidden_units"": 64, ""num_layers"": 2, ""activation"": ""relu"", ""learning_rate"": 0.01, ""batch_size"": 16, ""epochs"": 32}",2022-10-20 00:00:00,2022-10-28 00:00:00,"[68.51, 72.11, 76.87, 75.54, 79.92, 80.91, 79.68]","[67.9342269897461, 67.9342269897461, 67.9342269897461, 67.9342269897461, 67.9342269897461, 67.9342269897461, 67.9342269897461]"
EU_EEX,GRU,82,"{""hidden_units"": 64, ""num_layers"": 2, ""activation"": ""relu"", ""learning_rate"": 0.01, ""batch_size"": 32, ""epochs"": 32}",2022-10-20 00:00:00,2022-10-28 00:00:00,"[68.51, 72.11, 76.87, 75.54, 79.92, 80.91, 79.68]","[67.9342269897461, 67.9342269897461, 67.9342269897461, 67.9342269897461, 67.9342269897461, 67.9342269897461, 67.9342269897461]"
EU_EEX,GRU,83,"{""hidden_units"": 64, ""num_layers"": 2, ""activation"": ""relu"", ""learning_rate"": 0.01, ""batch_size"": 64, ""epochs"": 32}",2022-10-20 00:00:00,2022-10-28 00:00:00,"[68.51, 72.11, 76.87, 75.54, 79.92, 80.91, 79.68]","[67.9342269897461, 67.9342269897461, 67.9342269897461, 67.9342269897461, 67.9342269897461, 67.9342269897461, 67.9342269897461]"
EU_EEX,GRU,84,"{""hidden_units"": 64, ""num_layers"": 2, ""activation"": ""relu"", ""learning_rate"": 0.003, ""batch_size"": 16, ""epochs"": 32}",2022-10-20 00:00:00,2022-10-28 00:00:00,"[68.51, 72.11, 76.87, 75.54, 79.92, 80.91, 79.68]","[67.9342269897461, 67.9342269897461, 67.9342269897461, 67.9342269897461, 67.9342269897461, 67.9342269897461, 67.9342269897461]"
EU_EEX,GRU,85,"{""hidden_units"": 64, ""num_layers"": 2, ""activation"": ""relu"", ""learning_rate"": 0.003, ""batch_size"": 32, ""epochs"": 32}",2022-10-20 00:00:00,2022-10-28 00:00:00,"[68.51, 72.11, 76.87, 75.54, 79.92, 80.91, 79.68]","[67.9342269897461, 67.9342269897461, 67.9342269897461, 67.9342269897461, 67.9342269897461, 67.9342269897461, 67.9342269897461]"
EU_EEX,GRU,86,"{""hidden_units"": 64, ""num_layers"": 2, ""activation"": ""relu"", ""learning_rate"": 0.003, ""batch_size"": 64, ""epochs"": 32}",2022-10-20 00:00:00,2022-10-28 00:00:00,"[68.51, 72.11, 76.87, 75.54, 79.92, 80.91, 79.68]","[67.9342269897461, 67.9342269897461, 67.9342269897461, 67.9342269897461, 67.9342269897461, 67.9342269897461, 67.9342269897461]"
EU_EEX,GRU,87,"{""hidden_units"": 64, ""num_layers"": 2, ""activation"": ""relu"", ""learning_rate"": 0.001, ""batch_size"": 16, ""epochs"": 32}",2022-10-20 00:00:00,2022-10-28 00:00:00,"[68.51, 72.11, 76.87, 75.54, 79.92, 80.91, 79.68]","[67.9342269897461, 67.9342269897461, 67.9342269897461, 67.9342269897461, 67.9342269897461, 67.9342269897461, 67.9342269897461]"
EU_EEX,GRU,88,"{""hidden_units"": 64, ""num_layers"": 2, ""activation"": ""relu"", ""learning_rate"": 0.001, ""batch_size"": 32, ""epochs"": 32}",2022-10-20 00:00:00,2022-10-28 00:00:00,"[68.51, 72.11, 76.87, 75.54, 79.92, 80.91, 79.68]","[67.9342269897461, 67.9342269897461, 67.9342269897461, 67.9342269897461, 67.9342269897461, 67.9342269897461, 67.9342269897461]"
EU_EEX,GRU,89,"{""hidden_units"": 64, ""num_layers"": 2, ""activation"": ""relu"", ""learning_rate"": 0.001, ""batch_size"": 64, ""epochs"": 32}",2022-10-20 00:00:00,2022-10-28 00:00:00,"[68.51, 72.11, 76.87, 75.54, 79.92, 80.91, 79.68]","[67.9342269897461, 67.9342269897461, 67.9342269897461, 67.9342269897461, 67.9342269897461, 67.9342269897461, 67.9342269897461]"
EU_EEX,GRU,90,"{""hidden_units"": 64, ""num_layers"": 2, ""activation"": ""tanh"", ""learning_rate"": 0.01, ""batch_size"": 16, ""epochs"": 32}",2022-10-20 00:00:00,2022-10-28 00:00:00,"[68.51, 72.11, 76.87, 75.54, 79.92, 80.91, 79.68]","[66.63566589355469, 66.60357666015625, 66.02684020996094, 65.97587585449219, 66.01152038574219, 66.09154510498047, 66.09513854980469]"
EU_EEX,GRU,91,"{""hidden_units"": 64, ""num_layers"": 2, ""activation"": ""tanh"", ""learning_rate"": 0.01, ""batch_size"": 32, ""epochs"": 32}",2022-10-20 00:00:00,2022-10-28 00:00:00,"[68.51, 72.11, 76.87, 75.54, 79.92, 80.91, 79.68]","[66.17683410644531, 66.3561782836914, 65.91236114501953, 65.8791275024414, 65.87566375732422, 65.87921905517578, 65.87689971923828]"
EU_EEX,GRU,92,"{""hidden_units"": 64, ""num_layers"": 2, ""activation"": ""tanh"", ""learning_rate"": 0.01, ""batch_size"": 64, ""epochs"": 32}",2022-10-20 00:00:00,2022-10-28 00:00:00,"[68.51, 72.11, 76.87, 75.54, 79.92, 80.91, 79.68]","[66.17683410644531, 66.3561782836914, 65.91236114501953, 65.8791275024414, 65.87566375732422, 65.87921905517578, 65.87689971923828]"
EU_EEX,GRU,93,"{""hidden_units"": 64, ""num_layers"": 2, ""activation"": ""tanh"", ""learning_rate"": 0.003, ""batch_size"": 16, ""epochs"": 32}",2022-10-20 00:00:00,2022-10-28 00:00:00,"[68.51, 72.11, 76.87, 75.54, 79.92, 80.91, 79.68]","[66.48319244384766, 66.69690704345703, 66.07876586914062, 65.9067153930664, 65.8891830444336, 65.89283752441406, 65.89270782470703]"
EU_EEX,GRU,94,"{""hidden_units"": 64, ""num_layers"": 2, ""activation"": ""tanh"", ""learning_rate"": 0.003, ""batch_size"": 32, ""epochs"": 32}",2022-10-20 00:00:00,2022-10-28 00:00:00,"[68.51, 72.11, 76.87, 75.54, 79.92, 80.91, 79.68]","[66.60285949707031, 66.71257781982422, 66.37664031982422, 66.05499267578125, 65.95950317382812, 65.93939971923828, 65.93112182617188]"
EU_EEX,GRU,95,"{""hidden_units"": 64, ""num_layers"": 2, ""activation"": ""tanh"", ""learning_rate"": 0.003, ""batch_size"": 64, ""epochs"": 32}",2022-10-20 00:00:00,2022-10-28 00:00:00,"[68.51, 72.11, 76.87, 75.54, 79.92, 80.91, 79.68]","[66.60285949707031, 66.71257781982422, 66.37664031982422, 66.05499267578125, 65.95950317382812, 65.93939971923828, 65.93112182617188]"
EU_EEX,GRU,96,"{""hidden_units"": 64, ""num_layers"": 2, ""activation"": ""tanh"", ""learning_rate"": 0.001, ""batch_size"": 16, ""epochs"": 32}",2022-10-20 00:00:00,2022-10-28 00:00:00,"[68.51, 72.11, 76.87, 75.54, 79.92, 80.91, 79.68]","[66.63129425048828, 66.63906860351562, 66.44135284423828, 66.14612579345703, 66.00598907470703, 65.9694595336914, 65.95431518554688]"
EU_EEX,GRU,97,"{""hidden_units"": 64, ""num_layers"": 2, ""activation"": ""tanh"", ""learning_rate"": 0.001, ""batch_size"": 32, ""epochs"": 32}",2022-10-20 00:00:00,2022-10-28 00:00:00,"[68.51, 72.11, 76.87, 75.54, 79.92, 80.91, 79.68]","[66.55203247070312, 66.54147338867188, 66.44501495361328, 66.29560852050781, 66.18312072753906, 66.14595031738281, 66.1297836303711]"
EU_EEX,GRU,98,"{""hidden_units"": 64, ""num_layers"": 2, ""activation"": ""tanh"", ""learning_rate"": 0.001, ""batch_size"": 64, ""epochs"": 32}",2022-10-20 00:00:00,2022-10-28 00:00:00,"[68.51, 72.11, 76.87, 75.54, 79.92, 80.91, 79.68]","[66.55203247070312, 66.54147338867188, 66.44501495361328, 66.29560852050781, 66.18312072753906, 66.14595031738281, 66.1297836303711]"
EU_EEX,GRU,99,"{""hidden_units"": 64, ""num_layers"": 2, ""activation"": ""swish"", ""learning_rate"": 0.01, ""batch_size"": 16, ""epochs"": 32}",2022-10-20 00:00:00,2022-10-28 00:00:00,"[68.51, 72.11, 76.87, 75.54, 79.92, 80.91, 79.68]","[67.36601257324219, 67.37698364257812, 67.38123321533203, 67.37788391113281, 67.3687744140625, 67.37410736083984, 67.37705993652344]"
EU_EEX,GRU,100,"{""hidden_units"": 64, ""num_layers"": 2, ""activation"": ""swish"", ""learning_rate"": 0.01, ""batch_size"": 32, ""epochs"": 32}",2022-10-20 00:00:00,2022-10-28 00:00:00,"[68.51, 72.11, 76.87, 75.54, 79.92, 80.91, 79.68]","[67.37692260742188, 67.38215637207031, 67.3889389038086, 67.39337921142578, 67.39100646972656, 67.39306640625, 67.39720916748047]"
EU_EEX,GRU,101,"{""hidden_units"": 64, ""num_layers"": 2, ""activation"": ""swish"", ""learning_rate"": 0.01, ""batch_size"": 64, ""epochs"": 32}",2022-10-20 00:00:00,2022-10-28 00:00:00,"[68.51, 72.11, 76.87, 75.54, 79.92, 80.91, 79.68]","[67.37692260742188, 67.38215637207031, 67.3889389038086, 67.39337921142578, 67.39100646972656, 67.39306640625, 67.39720916748047]"
EU_EEX,GRU,102,"{""hidden_units"": 64, ""num_layers"": 2, ""activation"": ""swish"", ""learning_rate"": 0.003, ""batch_size"": 16, ""epochs"": 32}",2022-10-20 00:00:00,2022-10-28 00:00:00,"[68.51, 72.11, 76.87, 75.54, 79.92, 80.91, 79.68]","[67.41956329345703, 67.41522979736328, 67.42787170410156, 67.45365905761719, 67.46821594238281, 67.47917938232422, 67.48173522949219]"
EU_EEX,GRU,103,"{""hidden_units"": 64, ""num_layers"": 2, ""activation"": ""swish"", ""learning_rate"": 0.003, ""batch_size"": 32, ""epochs"": 32}",2022-10-20 00:00:00,2022-10-28 00:00:00,"[68.51, 72.11, 76.87, 75.54, 79.92, 80.91, 79.68]","[67.37332153320312, 67.36819458007812, 67.37590026855469, 67.4040756225586, 67.44096374511719, 67.45775604248047, 67.46673583984375]"
EU_EEX,GRU,104,"{""hidden_units"": 64, ""num_layers"": 2, ""activation"": ""swish"", ""learning_rate"": 0.003, ""batch_size"": 64, ""epochs"": 32}",2022-10-20 00:00:00,2022-10-28 00:00:00,"[68.51, 72.11, 76.87, 75.54, 79.92, 80.91, 79.68]","[67.37332153320312, 67.36819458007812, 67.37590026855469, 67.4040756225586, 67.44096374511719, 67.45775604248047, 67.46673583984375]"
EU_EEX,GRU,105,"{""hidden_units"": 64, ""num_layers"": 2, ""activation"": ""swish"", ""learning_rate"": 0.001, ""batch_size"": 16, ""epochs"": 32}",2022-10-20 00:00:00,2022-10-28 00:00:00,"[68.51, 72.11, 76.87, 75.54, 79.92, 80.91, 79.68]","[67.37531280517578, 67.37248992919922, 67.38038635253906, 67.407470703125, 67.44483184814453, 67.46794128417969, 67.48277282714844]"
EU_EEX,GRU,106,"{""hidden_units"": 64, ""num_layers"": 2, ""activation"": ""swish"", ""learning_rate"": 0.001, ""batch_size"": 32, ""epochs"": 32}",2022-10-20 00:00:00,2022-10-28 00:00:00,"[68.51, 72.11, 76.87, 75.54, 79.92, 80.91, 79.68]","[67.39922332763672, 67.3990478515625, 67.40936279296875, 67.43126678466797, 67.454345703125, 67.4661636352539, 67.47090911865234]"
EU_EEX,GRU,107,"{""hidden_units"": 64, ""num_layers"": 2, ""activation"": ""swish"", ""learning_rate"": 0.001, ""batch_size"": 64, ""epochs"": 32}",2022-10-20 00:00:00,2022-10-28 00:00:00,"[68.51, 72.11, 76.87, 75.54, 79.92, 80.91, 79.68]","[67.39922332763672, 67.3990478515625, 67.40936279296875, 67.43126678466797, 67.454345703125, 67.4661636352539, 67.47090911865234]"
EU_EEX,GRU,108,"{""hidden_units"": 64, ""num_layers"": 3, ""activation"": ""relu"", ""learning_rate"": 0.01, ""batch_size"": 16, ""epochs"": 32}",2022-10-20 00:00:00,2022-10-28 00:00:00,"[68.51, 72.11, 76.87, 75.54, 79.92, 80.91, 79.68]","[67.9342269897461, 67.9342269897461, 67.9342269897461, 67.9342269897461, 67.9342269897461, 67.9342269897461, 67.9342269897461]"
EU_EEX,GRU,109,"{""hidden_units"": 64, ""num_layers"": 3, ""activation"": ""relu"", ""learning_rate"": 0.01, ""batch_size"": 32, ""epochs"": 32}",2022-10-20 00:00:00,2022-10-28 00:00:00,"[68.51, 72.11, 76.87, 75.54, 79.92, 80.91, 79.68]","[67.9342269897461, 67.9342269897461, 67.9342269897461, 67.9342269897461, 67.9342269897461, 67.9342269897461, 67.9342269897461]"
EU_EEX,GRU,110,"{""hidden_units"": 64, ""num_layers"": 3, ""activation"": ""relu"", ""learning_rate"": 0.01, ""batch_size"": 64, ""epochs"": 32}",2022-10-20 00:00:00,2022-10-28 00:00:00,"[68.51, 72.11, 76.87, 75.54, 79.92, 80.91, 79.68]","[67.9342269897461, 67.9342269897461, 67.9342269897461, 67.9342269897461, 67.9342269897461, 67.9342269897461, 67.9342269897461]"
EU_EEX,GRU,111,"{""hidden_units"": 64, ""num_layers"": 3, ""activation"": ""relu"", ""learning_rate"": 0.003, ""batch_size"": 16, ""epochs"": 32}",2022-10-20 00:00:00,2022-10-28 00:00:00,"[68.51, 72.11, 76.87, 75.54, 79.92, 80.91, 79.68]","[67.9342269897461, 67.9342269897461, 67.9342269897461, 67.9342269897461, 67.9342269897461, 67.9342269897461, 67.9342269897461]"
EU_EEX,GRU,112,"{""hidden_units"": 64, ""num_layers"": 3, ""activation"": ""relu"", ""learning_rate"": 0.003, ""batch_size"": 32, ""epochs"": 32}",2022-10-20 00:00:00,2022-10-28 00:00:00,"[68.51, 72.11, 76.87, 75.54, 79.92, 80.91, 79.68]","[67.9342269897461, 67.9342269897461, 67.9342269897461, 67.9342269897461, 67.9342269897461, 67.9342269897461, 67.9342269897461]"
EU_EEX,GRU,113,"{""hidden_units"": 64, ""num_layers"": 3, ""activation"": ""relu"", ""learning_rate"": 0.003, ""batch_size"": 64, ""epochs"": 32}",2022-10-20 00:00:00,2022-10-28 00:00:00,"[68.51, 72.11, 76.87, 75.54, 79.92, 80.91, 79.68]","[67.9342269897461, 67.9342269897461, 67.9342269897461, 67.9342269897461, 67.9342269897461, 67.9342269897461, 67.9342269897461]"
EU_EEX,GRU,114,"{""hidden_units"": 64, ""num_layers"": 3, ""activation"": ""relu"", ""learning_rate"": 0.001, ""batch_size"": 16, ""epochs"": 32}",2022-10-20 00:00:00,2022-10-28 00:00:00,"[68.51, 72.11, 76.87, 75.54, 79.92, 80.91, 79.68]","[67.9342269897461, 67.9342269897461, 67.9342269897461, 67.9342269897461, 67.9342269897461, 67.9342269897461, 67.9342269897461]"
EU_EEX,GRU,115,"{""hidden_units"": 64, ""num_layers"": 3, ""activation"": ""relu"", ""learning_rate"": 0.001, ""batch_size"": 32, ""epochs"": 32}",2022-10-20 00:00:00,2022-10-28 00:00:00,"[68.51, 72.11, 76.87, 75.54, 79.92, 80.91, 79.68]","[67.9342269897461, 67.9342269897461, 67.9342269897461, 67.9342269897461, 67.9342269897461, 67.9342269897461, 67.9342269897461]"
EU_EEX,GRU,116,"{""hidden_units"": 64, ""num_layers"": 3, ""activation"": ""relu"", ""learning_rate"": 0.001, ""batch_size"": 64, ""epochs"": 32}",2022-10-20 00:00:00,2022-10-28 00:00:00,"[68.51, 72.11, 76.87, 75.54, 79.92, 80.91, 79.68]","[67.9342269897461, 67.9342269897461, 67.9342269897461, 67.9342269897461, 67.9342269897461, 67.9342269897461, 67.9342269897461]"
EU_EEX,GRU,117,"{""hidden_units"": 64, ""num_layers"": 3, ""activation"": ""tanh"", ""learning_rate"": 0.01, ""batch_size"": 16, ""epochs"": 32}",2022-10-20 00:00:00,2022-10-28 00:00:00,"[68.51, 72.11, 76.87, 75.54, 79.92, 80.91, 79.68]","[66.52566528320312, 66.92008209228516, 66.21094512939453, 66.19786834716797, 66.22702026367188, 66.22571563720703, 66.1686782836914]"
EU_EEX,GRU,118,"{""hidden_units"": 64, ""num_layers"": 3, ""activation"": ""tanh"", ""learning_rate"": 0.01, ""batch_size"": 32, ""epochs"": 32}",2022-10-20 00:00:00,2022-10-28 00:00:00,"[68.51, 72.11, 76.87, 75.54, 79.92, 80.91, 79.68]","[66.64085388183594, 66.84398651123047, 66.54059600830078, 66.30999755859375, 66.22801971435547, 66.17866516113281, 66.14727020263672]"
EU_EEX,GRU,119,"{""hidden_units"": 64, ""num_layers"": 3, ""activation"": ""tanh"", ""learning_rate"": 0.01, ""batch_size"": 64, ""epochs"": 32}",2022-10-20 00:00:00,2022-10-28 00:00:00,"[68.51, 72.11, 76.87, 75.54, 79.92, 80.91, 79.68]","[66.64085388183594, 66.84398651123047, 66.54059600830078, 66.30999755859375, 66.22801971435547, 66.17866516113281, 66.14727020263672]"
EU_EEX,GRU,120,"{""hidden_units"": 64, ""num_layers"": 3, ""activation"": ""tanh"", ""learning_rate"": 0.003, ""batch_size"": 16, ""epochs"": 32}",2022-10-20 00:00:00,2022-10-28 00:00:00,"[68.51, 72.11, 76.87, 75.54, 79.92, 80.91, 79.68]","[66.75572967529297, 66.88114166259766, 66.41026306152344, 66.07487487792969, 66.02143096923828, 66.00778198242188, 66.02174377441406]"
EU_EEX,GRU,121,"{""hidden_units"": 64, ""num_layers"": 3, ""activation"": ""tanh"", ""learning_rate"": 0.003, ""batch_size"": 32, ""epochs"": 32}",2022-10-20 00:00:00,2022-10-28 00:00:00,"[68.51, 72.11, 76.87, 75.54, 79.92, 80.91, 79.68]","[66.3333740234375, 66.33345031738281, 66.23930358886719, 66.07301330566406, 65.99530792236328, 65.96240997314453, 65.94910430908203]"
EU_EEX,GRU,122,"{""hidden_units"": 64, ""num_layers"": 3, ""activation"": ""tanh"", ""learning_rate"": 0.003, ""batch_size"": 64, ""epochs"": 32}",2022-10-20 00:00:00,2022-10-28 00:00:00,"[68.51, 72.11, 76.87, 75.54, 79.92, 80.91, 79.68]","[66.3333740234375, 66.33345031738281, 66.23930358886719, 66.07301330566406, 65.99530792236328, 65.96240997314453, 65.94910430908203]"
EU_EEX,GRU,123,"{""hidden_units"": 64, ""num_layers"": 3, ""activation"": ""tanh"", ""learning_rate"": 0.001, ""batch_size"": 16, ""epochs"": 32}",2022-10-20 00:00:00,2022-10-28 00:00:00,"[68.51, 72.11, 76.87, 75.54, 79.92, 80.91, 79.68]","[66.62557983398438, 66.58975219726562, 66.49219512939453, 66.26012420654297, 66.09851837158203, 66.02863311767578, 65.99405670166016]"
EU_EEX,GRU,124,"{""hidden_units"": 64, ""num_layers"": 3, ""activation"": ""tanh"", ""learning_rate"": 0.001, ""batch_size"": 32, ""epochs"": 32}",2022-10-20 00:00:00,2022-10-28 00:00:00,"[68.51, 72.11, 76.87, 75.54, 79.92, 80.91, 79.68]","[66.62742614746094, 66.63209533691406, 66.58679962158203, 66.44613647460938, 66.30684661865234, 66.22220611572266, 66.16279602050781]"
EU_EEX,GRU,125,"{""hidden_units"": 64, ""num_layers"": 3, ""activation"": ""tanh"", ""learning_rate"": 0.001, ""batch_size"": 64, ""epochs"": 32}",2022-10-20 00:00:00,2022-10-28 00:00:00,"[68.51, 72.11, 76.87, 75.54, 79.92, 80.91, 79.68]","[66.62742614746094, 66.63209533691406, 66.58679962158203, 66.44613647460938, 66.30684661865234, 66.22220611572266, 66.16279602050781]"
EU_EEX,GRU,126,"{""hidden_units"": 64, ""num_layers"": 3, ""activation"": ""swish"", ""learning_rate"": 0.01, ""batch_size"": 16, ""epochs"": 32}",2022-10-20 00:00:00,2022-10-28 00:00:00,"[68.51, 72.11, 76.87, 75.54, 79.92, 80.91, 79.68]","[67.36359405517578, 67.3656005859375, 67.3676528930664, 67.36783599853516, 67.36668395996094, 67.36722564697266, 67.3684310913086]"
EU_EEX,GRU,127,"{""hidden_units"": 64, ""num_layers"": 3, ""activation"": ""swish"", ""learning_rate"": 0.01, ""batch_size"": 32, ""epochs"": 32}",2022-10-20 00:00:00,2022-10-28 00:00:00,"[68.51, 72.11, 76.87, 75.54, 79.92, 80.91, 79.68]","[67.37669372558594, 67.37849426269531, 67.37858581542969, 67.37828826904297, 67.37626647949219, 67.37704467773438, 67.37672424316406]"
EU_EEX,GRU,128,"{""hidden_units"": 64, ""num_layers"": 3, ""activation"": ""swish"", ""learning_rate"": 0.01, ""batch_size"": 64, ""epochs"": 32}",2022-10-20 00:00:00,2022-10-28 00:00:00,"[68.51, 72.11, 76.87, 75.54, 79.92, 80.91, 79.68]","[67.37669372558594, 67.37849426269531, 67.37858581542969, 67.37828826904297, 67.37626647949219, 67.37704467773438, 67.37672424316406]"
EU_EEX,GRU,129,"{""hidden_units"": 64, ""num_layers"": 3, ""activation"": ""swish"", ""learning_rate"": 0.003, ""batch_size"": 16, ""epochs"": 32}",2022-10-20 00:00:00,2022-10-28 00:00:00,"[68.51, 72.11, 76.87, 75.54, 79.92, 80.91, 79.68]","[67.40230560302734, 67.40679931640625, 67.40748596191406, 67.40869140625, 67.40840148925781, 67.41255950927734, 67.41439056396484]"
EU_EEX,GRU,130,"{""hidden_units"": 64, ""num_layers"": 3, ""activation"": ""swish"", ""learning_rate"": 0.003, ""batch_size"": 32, ""epochs"": 32}",2022-10-20 00:00:00,2022-10-28 00:00:00,"[68.51, 72.11, 76.87, 75.54, 79.92, 80.91, 79.68]","[67.3761978149414, 67.37171936035156, 67.37220001220703, 67.38187408447266, 67.39631652832031, 67.40813446044922, 67.41806030273438]"
EU_EEX,GRU,131,"{""hidden_units"": 64, ""num_layers"": 3, ""activation"": ""swish"", ""learning_rate"": 0.003, ""batch_size"": 64, ""epochs"": 32}",2022-10-20 00:00:00,2022-10-28 00:00:00,"[68.51, 72.11, 76.87, 75.54, 79.92, 80.91, 79.68]","[67.3761978149414, 67.37171936035156, 67.37220001220703, 67.38187408447266, 67.39631652832031, 67.40813446044922, 67.41806030273438]"
EU_EEX,GRU,132,"{""hidden_units"": 64, ""num_layers"": 3, ""activation"": ""swish"", ""learning_rate"": 0.001, ""batch_size"": 16, ""epochs"": 32}",2022-10-20 00:00:00,2022-10-28 00:00:00,"[68.51, 72.11, 76.87, 75.54, 79.92, 80.91, 79.68]","[67.38961029052734, 67.38340759277344, 67.38375854492188, 67.3958740234375, 67.41703796386719, 67.43643951416016, 67.45606994628906]"
EU_EEX,GRU,133,"{""hidden_units"": 64, ""num_layers"": 3, ""activation"": ""swish"", ""learning_rate"": 0.001, ""batch_size"": 32, ""epochs"": 32}",2022-10-20 00:00:00,2022-10-28 00:00:00,"[68.51, 72.11, 76.87, 75.54, 79.92, 80.91, 79.68]","[67.42847442626953, 67.42253875732422, 67.42317199707031, 67.43499755859375, 67.45225524902344, 67.46634674072266, 67.47982025146484]"
EU_EEX,GRU,134,"{""hidden_units"": 64, ""num_layers"": 3, ""activation"": ""swish"", ""learning_rate"": 0.001, ""batch_size"": 64, ""epochs"": 32}",2022-10-20 00:00:00,2022-10-28 00:00:00,"[68.51, 72.11, 76.87, 75.54, 79.92, 80.91, 79.68]","[67.42847442626953, 67.42253875732422, 67.42317199707031, 67.43499755859375, 67.45225524902344, 67.46634674072266, 67.47982025146484]"
EU_EEX,GRU,135,"{""hidden_units"": 64, ""num_layers"": 4, ""activation"": ""relu"", ""learning_rate"": 0.01, ""batch_size"": 16, ""epochs"": 32}",2022-10-20 00:00:00,2022-10-28 00:00:00,"[68.51, 72.11, 76.87, 75.54, 79.92, 80.91, 79.68]","[67.9342269897461, 67.9342269897461, 67.9342269897461, 67.9342269897461, 67.9342269897461, 67.9342269897461, 67.9342269897461]"
EU_EEX,GRU,136,"{""hidden_units"": 64, ""num_layers"": 4, ""activation"": ""relu"", ""learning_rate"": 0.01, ""batch_size"": 32, ""epochs"": 32}",2022-10-20 00:00:00,2022-10-28 00:00:00,"[68.51, 72.11, 76.87, 75.54, 79.92, 80.91, 79.68]","[67.9342269897461, 67.9342269897461, 67.9342269897461, 67.9342269897461, 67.9342269897461, 67.9342269897461, 67.9342269897461]"
EU_EEX,GRU,137,"{""hidden_units"": 64, ""num_layers"": 4, ""activation"": ""relu"", ""learning_rate"": 0.01, ""batch_size"": 64, ""epochs"": 32}",2022-10-20 00:00:00,2022-10-28 00:00:00,"[68.51, 72.11, 76.87, 75.54, 79.92, 80.91, 79.68]","[67.9342269897461, 67.9342269897461, 67.9342269897461, 67.9342269897461, 67.9342269897461, 67.9342269897461, 67.9342269897461]"
EU_EEX,GRU,138,"{""hidden_units"": 64, ""num_layers"": 4, ""activation"": ""relu"", ""learning_rate"": 0.003, ""batch_size"": 16, ""epochs"": 32}",2022-10-20 00:00:00,2022-10-28 00:00:00,"[68.51, 72.11, 76.87, 75.54, 79.92, 80.91, 79.68]","[67.9342269897461, 67.9342269897461, 67.9342269897461, 67.9342269897461, 67.9342269897461, 67.9342269897461, 67.9342269897461]"
EU_EEX,GRU,139,"{""hidden_units"": 64, ""num_layers"": 4, ""activation"": ""relu"", ""learning_rate"": 0.003, ""batch_size"": 32, ""epochs"": 32}",2022-10-20 00:00:00,2022-10-28 00:00:00,"[68.51, 72.11, 76.87, 75.54, 79.92, 80.91, 79.68]","[67.9342269897461, 67.9342269897461, 67.9342269897461, 67.9342269897461, 67.9342269897461, 67.9342269897461, 67.9342269897461]"
EU_EEX,GRU,140,"{""hidden_units"": 64, ""num_layers"": 4, ""activation"": ""relu"", ""learning_rate"": 0.003, ""batch_size"": 64, ""epochs"": 32}",2022-10-20 00:00:00,2022-10-28 00:00:00,"[68.51, 72.11, 76.87, 75.54, 79.92, 80.91, 79.68]","[67.9342269897461, 67.9342269897461, 67.9342269897461, 67.9342269897461, 67.9342269897461, 67.9342269897461, 67.9342269897461]"
EU_EEX,GRU,141,"{""hidden_units"": 64, ""num_layers"": 4, ""activation"": ""relu"", ""learning_rate"": 0.001, ""batch_size"": 16, ""epochs"": 32}",2022-10-20 00:00:00,2022-10-28 00:00:00,"[68.51, 72.11, 76.87, 75.54, 79.92, 80.91, 79.68]","[67.9342269897461, 67.9342269897461, 67.9342269897461, 67.9342269897461, 67.9342269897461, 67.9342269897461, 67.9342269897461]"
EU_EEX,GRU,142,"{""hidden_units"": 64, ""num_layers"": 4, ""activation"": ""relu"", ""learning_rate"": 0.001, ""batch_size"": 32, ""epochs"": 32}",2022-10-20 00:00:00,2022-10-28 00:00:00,"[68.51, 72.11, 76.87, 75.54, 79.92, 80.91, 79.68]","[67.9342269897461, 67.9342269897461, 67.9342269897461, 67.9342269897461, 67.9342269897461, 67.9342269897461, 67.9342269897461]"
EU_EEX,GRU,143,"{""hidden_units"": 64, ""num_layers"": 4, ""activation"": ""relu"", ""learning_rate"": 0.001, ""batch_size"": 64, ""epochs"": 32}",2022-10-20 00:00:00,2022-10-28 00:00:00,"[68.51, 72.11, 76.87, 75.54, 79.92, 80.91, 79.68]","[67.9342269897461, 67.9342269897461, 67.9342269897461, 67.9342269897461, 67.9342269897461, 67.9342269897461, 67.9342269897461]"
EU_EEX,GRU,144,"{""hidden_units"": 64, ""num_layers"": 4, ""activation"": ""tanh"", ""learning_rate"": 0.01, ""batch_size"": 16, ""epochs"": 32}",2022-10-20 00:00:00,2022-10-28 00:00:00,"[68.51, 72.11, 76.87, 75.54, 79.92, 80.91, 79.68]","[67.14698791503906, 67.83899688720703, 67.20868682861328, 66.7757797241211, 66.71131134033203, 66.73782348632812, 66.75112915039062]"
EU_EEX,GRU,145,"{""hidden_units"": 64, ""num_layers"": 4, ""activation"": ""tanh"", ""learning_rate"": 0.01, ""batch_size"": 32, ""epochs"": 32}",2022-10-20 00:00:00,2022-10-28 00:00:00,"[68.51, 72.11, 76.87, 75.54, 79.92, 80.91, 79.68]","[67.5853271484375, 67.87466430664062, 67.4798583984375, 67.00271606445312, 66.94174194335938, 67.03439331054688, 67.0444107055664]"
EU_EEX,GRU,146,"{""hidden_units"": 64, ""num_layers"": 4, ""activation"": ""tanh"", ""learning_rate"": 0.01, ""batch_size"": 64, ""epochs"": 32}",2022-10-20 00:00:00,2022-10-28 00:00:00,"[68.51, 72.11, 76.87, 75.54, 79.92, 80.91, 79.68]","[67.5853271484375, 67.87466430664062, 67.4798583984375, 67.00271606445312, 66.94174194335938, 67.03439331054688, 67.0444107055664]"
EU_EEX,GRU,147,"{""hidden_units"": 64, ""num_layers"": 4, ""activation"": ""tanh"", ""learning_rate"": 0.003, ""batch_size"": 16, ""epochs"": 32}",2022-10-20 00:00:00,2022-10-28 00:00:00,"[68.51, 72.11, 76.87, 75.54, 79.92, 80.91, 79.68]","[66.15762329101562, 66.11903381347656, 66.0431900024414, 65.94503021240234, 65.91326141357422, 65.90626525878906, 65.91021728515625]"
EU_EEX,GRU,148,"{""hidden_units"": 64, ""num_layers"": 4, ""activation"": ""tanh"", ""learning_rate"": 0.003, ""batch_size"": 32, ""epochs"": 32}",2022-10-20 00:00:00,2022-10-28 00:00:00,"[68.51, 72.11, 76.87, 75.54, 79.92, 80.91, 79.68]","[66.79676818847656, 66.59358215332031, 66.435546875, 66.3179931640625, 66.27071380615234, 66.22447967529297, 66.22620391845703]"
EU_EEX,GRU,149,"{""hidden_units"": 64, ""num_layers"": 4, ""activation"": ""tanh"", ""learning_rate"": 0.003, ""batch_size"": 64, ""epochs"": 32}",2022-10-20 00:00:00,2022-10-28 00:00:00,"[68.51, 72.11, 76.87, 75.54, 79.92, 80.91, 79.68]","[66.79676818847656, 66.59358215332031, 66.435546875, 66.3179931640625, 66.27071380615234, 66.22447967529297, 66.22620391845703]"
EU_EEX,GRU,150,"{""hidden_units"": 64, ""num_layers"": 4, ""activation"": ""tanh"", ""learning_rate"": 0.001, ""batch_size"": 16, ""epochs"": 32}",2022-10-20 00:00:00,2022-10-28 00:00:00,"[68.51, 72.11, 76.87, 75.54, 79.92, 80.91, 79.68]","[66.75248718261719, 66.68516540527344, 66.5875244140625, 66.43328094482422, 66.29891204833984, 66.21377563476562, 66.13770294189453]"
EU_EEX,GRU,151,"{""hidden_units"": 64, ""num_layers"": 4, ""activation"": ""tanh"", ""learning_rate"": 0.001, ""batch_size"": 32, ""epochs"": 32}",2022-10-20 00:00:00,2022-10-28 00:00:00,"[68.51, 72.11, 76.87, 75.54, 79.92, 80.91, 79.68]","[67.19214630126953, 67.19790649414062, 67.12438201904297, 66.97810363769531, 66.83768463134766, 66.70367431640625, 66.55816650390625]"
EU_EEX,GRU,152,"{""hidden_units"": 64, ""num_layers"": 4, ""activation"": ""tanh"", ""learning_rate"": 0.001, ""batch_size"": 64, ""epochs"": 32}",2022-10-20 00:00:00,2022-10-28 00:00:00,"[68.51, 72.11, 76.87, 75.54, 79.92, 80.91, 79.68]","[67.19214630126953, 67.19790649414062, 67.12438201904297, 66.97810363769531, 66.83768463134766, 66.70367431640625, 66.55816650390625]"
EU_EEX,GRU,153,"{""hidden_units"": 64, ""num_layers"": 4, ""activation"": ""swish"", ""learning_rate"": 0.01, ""batch_size"": 16, ""epochs"": 32}",2022-10-20 00:00:00,2022-10-28 00:00:00,"[68.51, 72.11, 76.87, 75.54, 79.92, 80.91, 79.68]","[67.35940551757812, 67.35950469970703, 67.35948944091797, 67.35942077636719, 67.35940551757812, 67.35940551757812, 67.35940551757812]"
EU_EEX,GRU,154,"{""hidden_units"": 64, ""num_layers"": 4, ""activation"": ""swish"", ""learning_rate"": 0.01, ""batch_size"": 32, ""epochs"": 32}",2022-10-20 00:00:00,2022-10-28 00:00:00,"[68.51, 72.11, 76.87, 75.54, 79.92, 80.91, 79.68]","[67.36344146728516, 67.3636245727539, 67.36356353759766, 67.36365509033203, 67.36359405517578, 67.36396789550781, 67.36406707763672]"
EU_EEX,GRU,155,"{""hidden_units"": 64, ""num_layers"": 4, ""activation"": ""swish"", ""learning_rate"": 0.01, ""batch_size"": 64, ""epochs"": 32}",2022-10-20 00:00:00,2022-10-28 00:00:00,"[68.51, 72.11, 76.87, 75.54, 79.92, 80.91, 79.68]","[67.36344146728516, 67.3636245727539, 67.36356353759766, 67.36365509033203, 67.36359405517578, 67.36396789550781, 67.36406707763672]"
EU_EEX,GRU,156,"{""hidden_units"": 64, ""num_layers"": 4, ""activation"": ""swish"", ""learning_rate"": 0.003, ""batch_size"": 16, ""epochs"": 32}",2022-10-20 00:00:00,2022-10-28 00:00:00,"[68.51, 72.11, 76.87, 75.54, 79.92, 80.91, 79.68]","[67.41529083251953, 67.4129867553711, 67.41352844238281, 67.41522216796875, 67.4171371459961, 67.41785430908203, 67.41854095458984]"
EU_EEX,GRU,157,"{""hidden_units"": 64, ""num_layers"": 4, ""activation"": ""swish"", ""learning_rate"": 0.003, ""batch_size"": 32, ""epochs"": 32}",2022-10-20 00:00:00,2022-10-28 00:00:00,"[68.51, 72.11, 76.87, 75.54, 79.92, 80.91, 79.68]","[67.35961151123047, 67.3595199584961, 67.35968780517578, 67.36009979248047, 67.36055755615234, 67.3611831665039, 67.36157989501953]"
EU_EEX,GRU,158,"{""hidden_units"": 64, ""num_layers"": 4, ""activation"": ""swish"", ""learning_rate"": 0.003, ""batch_size"": 64, ""epochs"": 32}",2022-10-20 00:00:00,2022-10-28 00:00:00,"[68.51, 72.11, 76.87, 75.54, 79.92, 80.91, 79.68]","[67.35961151123047, 67.3595199584961, 67.35968780517578, 67.36009979248047, 67.36055755615234, 67.3611831665039, 67.36157989501953]"
EU_EEX,GRU,159,"{""hidden_units"": 64, ""num_layers"": 4, ""activation"": ""swish"", ""learning_rate"": 0.001, ""batch_size"": 16, ""epochs"": 32}",2022-10-20 00:00:00,2022-10-28 00:00:00,"[68.51, 72.11, 76.87, 75.54, 79.92, 80.91, 79.68]","[67.38187408447266, 67.37944793701172, 67.38050079345703, 67.38341522216797, 67.38690948486328, 67.38994598388672, 67.39419555664062]"
EU_EEX,GRU,160,"{""hidden_units"": 64, ""num_layers"": 4, ""activation"": ""swish"", ""learning_rate"": 0.001, ""batch_size"": 32, ""epochs"": 32}",2022-10-20 00:00:00,2022-10-28 00:00:00,"[68.51, 72.11, 76.87, 75.54, 79.92, 80.91, 79.68]","[67.41902160644531, 67.41568756103516, 67.41827392578125, 67.42398834228516, 67.42973327636719, 67.43480682373047, 67.44168090820312]"
EU_EEX,GRU,161,"{""hidden_units"": 64, ""num_layers"": 4, ""activation"": ""swish"", ""learning_rate"": 0.001, ""batch_size"": 64, ""epochs"": 32}",2022-10-20 00:00:00,2022-10-28 00:00:00,"[68.51, 72.11, 76.87, 75.54, 79.92, 80.91, 79.68]","[67.41902160644531, 67.41568756103516, 67.41827392578125, 67.42398834228516, 67.42973327636719, 67.43480682373047, 67.44168090820312]"
EU_EEX,GRU,162,"{""hidden_units"": 128, ""num_layers"": 2, ""activation"": ""relu"", ""learning_rate"": 0.01, ""batch_size"": 16, ""epochs"": 32}",2022-10-20 00:00:00,2022-10-28 00:00:00,"[68.51, 72.11, 76.87, 75.54, 79.92, 80.91, 79.68]","[67.9342269897461, 67.9342269897461, 67.9342269897461, 67.9342269897461, 67.9342269897461, 67.9342269897461, 67.9342269897461]"
EU_EEX,GRU,163,"{""hidden_units"": 128, ""num_layers"": 2, ""activation"": ""relu"", ""learning_rate"": 0.01, ""batch_size"": 32, ""epochs"": 32}",2022-10-20 00:00:00,2022-10-28 00:00:00,"[68.51, 72.11, 76.87, 75.54, 79.92, 80.91, 79.68]","[67.9342269897461, 67.9342269897461, 67.9342269897461, 67.9342269897461, 67.9342269897461, 67.9342269897461, 67.9342269897461]"
EU_EEX,GRU,164,"{""hidden_units"": 128, ""num_layers"": 2, ""activation"": ""relu"", ""learning_rate"": 0.01, ""batch_size"": 64, ""epochs"": 32}",2022-10-20 00:00:00,2022-10-28 00:00:00,"[68.51, 72.11, 76.87, 75.54, 79.92, 80.91, 79.68]","[67.9342269897461, 67.9342269897461, 67.9342269897461, 67.9342269897461, 67.9342269897461, 67.9342269897461, 67.9342269897461]"
EU_EEX,GRU,165,"{""hidden_units"": 128, ""num_layers"": 2, ""activation"": ""relu"", ""learning_rate"": 0.003, ""batch_size"": 16, ""epochs"": 32}",2022-10-20 00:00:00,2022-10-28 00:00:00,"[68.51, 72.11, 76.87, 75.54, 79.92, 80.91, 79.68]","[67.9342269897461, 67.9342269897461, 67.9342269897461, 67.9342269897461, 67.9342269897461, 67.9342269897461, 67.9342269897461]"
EU_EEX,GRU,166,"{""hidden_units"": 128, ""num_layers"": 2, ""activation"": ""relu"", ""learning_rate"": 0.003, ""batch_size"": 32, ""epochs"": 32}",2022-10-20 00:00:00,2022-10-28 00:00:00,"[68.51, 72.11, 76.87, 75.54, 79.92, 80.91, 79.68]","[67.9342269897461, 67.9342269897461, 67.9342269897461, 67.9342269897461, 67.9342269897461, 67.9342269897461, 67.9342269897461]"
EU_EEX,GRU,167,"{""hidden_units"": 128, ""num_layers"": 2, ""activation"": ""relu"", ""learning_rate"": 0.003, ""batch_size"": 64, ""epochs"": 32}",2022-10-20 00:00:00,2022-10-28 00:00:00,"[68.51, 72.11, 76.87, 75.54, 79.92, 80.91, 79.68]","[67.9342269897461, 67.9342269897461, 67.9342269897461, 67.9342269897461, 67.9342269897461, 67.9342269897461, 67.9342269897461]"
EU_EEX,GRU,168,"{""hidden_units"": 128, ""num_layers"": 2, ""activation"": ""relu"", ""learning_rate"": 0.001, ""batch_size"": 16, ""epochs"": 32}",2022-10-20 00:00:00,2022-10-28 00:00:00,"[68.51, 72.11, 76.87, 75.54, 79.92, 80.91, 79.68]","[67.9342269897461, 67.9342269897461, 67.9342269897461, 67.9342269897461, 67.9342269897461, 67.9342269897461, 67.9342269897461]"
EU_EEX,GRU,169,"{""hidden_units"": 128, ""num_layers"": 2, ""activation"": ""relu"", ""learning_rate"": 0.001, ""batch_size"": 32, ""epochs"": 32}",2022-10-20 00:00:00,2022-10-28 00:00:00,"[68.51, 72.11, 76.87, 75.54, 79.92, 80.91, 79.68]","[67.9342269897461, 67.9342269897461, 67.9342269897461, 67.9342269897461, 67.9342269897461, 67.9342269897461, 67.9342269897461]"
EU_EEX,GRU,170,"{""hidden_units"": 128, ""num_layers"": 2, ""activation"": ""relu"", ""learning_rate"": 0.001, ""batch_size"": 64, ""epochs"": 32}",2022-10-20 00:00:00,2022-10-28 00:00:00,"[68.51, 72.11, 76.87, 75.54, 79.92, 80.91, 79.68]","[67.9342269897461, 67.9342269897461, 67.9342269897461, 67.9342269897461, 67.9342269897461, 67.9342269897461, 67.9342269897461]"
EU_EEX,GRU,171,"{""hidden_units"": 128, ""num_layers"": 2, ""activation"": ""tanh"", ""learning_rate"": 0.01, ""batch_size"": 16, ""epochs"": 32}",2022-10-20 00:00:00,2022-10-28 00:00:00,"[68.51, 72.11, 76.87, 75.54, 79.92, 80.91, 79.68]","[67.101318359375, 67.0859603881836, 66.32962799072266, 66.40061950683594, 66.47745513916016, 66.85865020751953, 66.65803527832031]"
EU_EEX,GRU,172,"{""hidden_units"": 128, ""num_layers"": 2, ""activation"": ""tanh"", ""learning_rate"": 0.01, ""batch_size"": 32, ""epochs"": 32}",2022-10-20 00:00:00,2022-10-28 00:00:00,"[68.51, 72.11, 76.87, 75.54, 79.92, 80.91, 79.68]","[66.83899688720703, 67.53546905517578, 66.10005187988281, 65.93978881835938, 65.9616928100586, 66.02417755126953, 65.97029876708984]"
EU_EEX,GRU,173,"{""hidden_units"": 128, ""num_layers"": 2, ""activation"": ""tanh"", ""learning_rate"": 0.01, ""batch_size"": 64, ""epochs"": 32}",2022-10-20 00:00:00,2022-10-28 00:00:00,"[68.51, 72.11, 76.87, 75.54, 79.92, 80.91, 79.68]","[66.83899688720703, 67.53546905517578, 66.10005187988281, 65.93978881835938, 65.9616928100586, 66.02417755126953, 65.97029876708984]"
EU_EEX,GRU,174,"{""hidden_units"": 128, ""num_layers"": 2, ""activation"": ""tanh"", ""learning_rate"": 0.003, ""batch_size"": 16, ""epochs"": 32}",2022-10-20 00:00:00,2022-10-28 00:00:00,"[68.51, 72.11, 76.87, 75.54, 79.92, 80.91, 79.68]","[66.15837097167969, 66.23773193359375, 65.9639892578125, 65.87815856933594, 65.87269592285156, 65.87979888916016, 65.88227081298828]"
EU_EEX,GRU,175,"{""hidden_units"": 128, ""num_layers"": 2, ""activation"": ""tanh"", ""learning_rate"": 0.003, ""batch_size"": 32, ""epochs"": 32}",2022-10-20 00:00:00,2022-10-28 00:00:00,"[68.51, 72.11, 76.87, 75.54, 79.92, 80.91, 79.68]","[66.42106628417969, 66.60836791992188, 66.1395263671875, 65.8973617553711, 65.87564849853516, 65.87574768066406, 65.87564849853516]"
EU_EEX,GRU,176,"{""hidden_units"": 128, ""num_layers"": 2, ""activation"": ""tanh"", ""learning_rate"": 0.003, ""batch_size"": 64, ""epochs"": 32}",2022-10-20 00:00:00,2022-10-28 00:00:00,"[68.51, 72.11, 76.87, 75.54, 79.92, 80.91, 79.68]","[66.42106628417969, 66.60836791992188, 66.1395263671875, 65.8973617553711, 65.87564849853516, 65.87574768066406, 65.87564849853516]"
EU_EEX,GRU,177,"{""hidden_units"": 128, ""num_layers"": 2, ""activation"": ""tanh"", ""learning_rate"": 0.001, ""batch_size"": 16, ""epochs"": 32}",2022-10-20 00:00:00,2022-10-28 00:00:00,"[68.51, 72.11, 76.87, 75.54, 79.92, 80.91, 79.68]","[66.28289031982422, 66.23481750488281, 66.06938171386719, 65.9189682006836, 65.88333892822266, 65.8792953491211, 65.87863159179688]"
EU_EEX,GRU,178,"{""hidden_units"": 128, ""num_layers"": 2, ""activation"": ""tanh"", ""learning_rate"": 0.001, ""batch_size"": 32, ""epochs"": 32}",2022-10-20 00:00:00,2022-10-28 00:00:00,"[68.51, 72.11, 76.87, 75.54, 79.92, 80.91, 79.68]","[66.804443359375, 66.81671905517578, 66.68263244628906, 66.36323547363281, 66.13633728027344, 66.0772933959961, 66.060302734375]"
EU_EEX,GRU,179,"{""hidden_units"": 128, ""num_layers"": 2, ""activation"": ""tanh"", ""learning_rate"": 0.001, ""batch_size"": 64, ""epochs"": 32}",2022-10-20 00:00:00,2022-10-28 00:00:00,"[68.51, 72.11, 76.87, 75.54, 79.92, 80.91, 79.68]","[66.804443359375, 66.81671905517578, 66.68263244628906, 66.36323547363281, 66.13633728027344, 66.0772933959961, 66.060302734375]"
EU_EEX,GRU,180,"{""hidden_units"": 128, ""num_layers"": 2, ""activation"": ""swish"", ""learning_rate"": 0.01, ""batch_size"": 16, ""epochs"": 32}",2022-10-20 00:00:00,2022-10-28 00:00:00,"[68.51, 72.11, 76.87, 75.54, 79.92, 80.91, 79.68]","[67.37276458740234, 67.37342071533203, 67.36785888671875, 67.3827896118164, 67.38043975830078, 67.3764877319336, 67.37385559082031]"
EU_EEX,GRU,181,"{""hidden_units"": 128, ""num_layers"": 2, ""activation"": ""swish"", ""learning_rate"": 0.01, ""batch_size"": 32, ""epochs"": 32}",2022-10-20 00:00:00,2022-10-28 00:00:00,"[68.51, 72.11, 76.87, 75.54, 79.92, 80.91, 79.68]","[67.3621597290039, 67.36003875732422, 67.35955047607422, 67.36442565917969, 67.3597183227539, 67.35944366455078, 67.35999298095703]"
EU_EEX,GRU,182,"{""hidden_units"": 128, ""num_layers"": 2, ""activation"": ""swish"", ""learning_rate"": 0.01, ""batch_size"": 64, ""epochs"": 32}",2022-10-20 00:00:00,2022-10-28 00:00:00,"[68.51, 72.11, 76.87, 75.54, 79.92, 80.91, 79.68]","[67.3621597290039, 67.36003875732422, 67.35955047607422, 67.36442565917969, 67.3597183227539, 67.35944366455078, 67.35999298095703]"
EU_EEX,GRU,183,"{""hidden_units"": 128, ""num_layers"": 2, ""activation"": ""swish"", ""learning_rate"": 0.003, ""batch_size"": 16, ""epochs"": 32}",2022-10-20 00:00:00,2022-10-28 00:00:00,"[68.51, 72.11, 76.87, 75.54, 79.92, 80.91, 79.68]","[67.41619873046875, 67.40287017822266, 67.41687774658203, 67.46333312988281, 67.49925231933594, 67.513427734375, 67.52021789550781]"
EU_EEX,GRU,184,"{""hidden_units"": 128, ""num_layers"": 2, ""activation"": ""swish"", ""learning_rate"": 0.003, ""batch_size"": 32, ""epochs"": 32}",2022-10-20 00:00:00,2022-10-28 00:00:00,"[68.51, 72.11, 76.87, 75.54, 79.92, 80.91, 79.68]","[67.43506622314453, 67.4118881225586, 67.42337036132812, 67.47631072998047, 67.53907012939453, 67.56185913085938, 67.57791137695312]"
EU_EEX,GRU,185,"{""hidden_units"": 128, ""num_layers"": 2, ""activation"": ""swish"", ""learning_rate"": 0.003, ""batch_size"": 64, ""epochs"": 32}",2022-10-20 00:00:00,2022-10-28 00:00:00,"[68.51, 72.11, 76.87, 75.54, 79.92, 80.91, 79.68]","[67.43506622314453, 67.4118881225586, 67.42337036132812, 67.47631072998047, 67.53907012939453, 67.56185913085938, 67.57791137695312]"
EU_EEX,GRU,186,"{""hidden_units"": 128, ""num_layers"": 2, ""activation"": ""swish"", ""learning_rate"": 0.001, ""batch_size"": 16, ""epochs"": 32}",2022-10-20 00:00:00,2022-10-28 00:00:00,"[68.51, 72.11, 76.87, 75.54, 79.92, 80.91, 79.68]","[67.4070053100586, 67.39170837402344, 67.39728546142578, 67.44060516357422, 67.51237487792969, 67.55416107177734, 67.58403778076172]"
EU_EEX,GRU,187,"{""hidden_units"": 128, ""num_layers"": 2, ""activation"": ""swish"", ""learning_rate"": 0.001, ""batch_size"": 32, ""epochs"": 32}",2022-10-20 00:00:00,2022-10-28 00:00:00,"[68.51, 72.11, 76.87, 75.54, 79.92, 80.91, 79.68]","[67.37387084960938, 67.3663330078125, 67.36588287353516, 67.37734985351562, 67.4019546508789, 67.41427612304688, 67.42034912109375]"
EU_EEX,GRU,188,"{""hidden_units"": 128, ""num_layers"": 2, ""activation"": ""swish"", ""learning_rate"": 0.001, ""batch_size"": 64, ""epochs"": 32}",2022-10-20 00:00:00,2022-10-28 00:00:00,"[68.51, 72.11, 76.87, 75.54, 79.92, 80.91, 79.68]","[67.37387084960938, 67.3663330078125, 67.36588287353516, 67.37734985351562, 67.4019546508789, 67.41427612304688, 67.42034912109375]"
EU_EEX,GRU,189,"{""hidden_units"": 128, ""num_layers"": 3, ""activation"": ""relu"", ""learning_rate"": 0.01, ""batch_size"": 16, ""epochs"": 32}",2022-10-20 00:00:00,2022-10-28 00:00:00,"[68.51, 72.11, 76.87, 75.54, 79.92, 80.91, 79.68]","[67.9342269897461, 67.9342269897461, 67.9342269897461, 67.9342269897461, 67.9342269897461, 67.9342269897461, 67.9342269897461]"
EU_EEX,GRU,190,"{""hidden_units"": 128, ""num_layers"": 3, ""activation"": ""relu"", ""learning_rate"": 0.01, ""batch_size"": 32, ""epochs"": 32}",2022-10-20 00:00:00,2022-10-28 00:00:00,"[68.51, 72.11, 76.87, 75.54, 79.92, 80.91, 79.68]","[67.9342269897461, 67.9342269897461, 67.9342269897461, 67.9342269897461, 67.9342269897461, 67.9342269897461, 67.9342269897461]"
EU_EEX,GRU,191,"{""hidden_units"": 128, ""num_layers"": 3, ""activation"": ""relu"", ""learning_rate"": 0.01, ""batch_size"": 64, ""epochs"": 32}",2022-10-20 00:00:00,2022-10-28 00:00:00,"[68.51, 72.11, 76.87, 75.54, 79.92, 80.91, 79.68]","[67.9342269897461, 67.9342269897461, 67.9342269897461, 67.9342269897461, 67.9342269897461, 67.9342269897461, 67.9342269897461]"
EU_EEX,GRU,192,"{""hidden_units"": 128, ""num_layers"": 3, ""activation"": ""relu"", ""learning_rate"": 0.003, ""batch_size"": 16, ""epochs"": 32}",2022-10-20 00:00:00,2022-10-28 00:00:00,"[68.51, 72.11, 76.87, 75.54, 79.92, 80.91, 79.68]","[67.9342269897461, 67.9342269897461, 67.9342269897461, 67.9342269897461, 67.9342269897461, 67.9342269897461, 67.9342269897461]"
EU_EEX,GRU,193,"{""hidden_units"": 128, ""num_layers"": 3, ""activation"": ""relu"", ""learning_rate"": 0.003, ""batch_size"": 32, ""epochs"": 32}",2022-10-20 00:00:00,2022-10-28 00:00:00,"[68.51, 72.11, 76.87, 75.54, 79.92, 80.91, 79.68]","[67.9342269897461, 67.9342269897461, 67.9342269897461, 67.9342269897461, 67.9342269897461, 67.9342269897461, 67.9342269897461]"
EU_EEX,GRU,194,"{""hidden_units"": 128, ""num_layers"": 3, ""activation"": ""relu"", ""learning_rate"": 0.003, ""batch_size"": 64, ""epochs"": 32}",2022-10-20 00:00:00,2022-10-28 00:00:00,"[68.51, 72.11, 76.87, 75.54, 79.92, 80.91, 79.68]","[67.9342269897461, 67.9342269897461, 67.9342269897461, 67.9342269897461, 67.9342269897461, 67.9342269897461, 67.9342269897461]"
EU_EEX,GRU,195,"{""hidden_units"": 128, ""num_layers"": 3, ""activation"": ""relu"", ""learning_rate"": 0.001, ""batch_size"": 16, ""epochs"": 32}",2022-10-20 00:00:00,2022-10-28 00:00:00,"[68.51, 72.11, 76.87, 75.54, 79.92, 80.91, 79.68]","[67.9342269897461, 67.9342269897461, 67.9342269897461, 67.9342269897461, 67.9342269897461, 67.9342269897461, 67.9342269897461]"
EU_EEX,GRU,196,"{""hidden_units"": 128, ""num_layers"": 3, ""activation"": ""relu"", ""learning_rate"": 0.001, ""batch_size"": 32, ""epochs"": 32}",2022-10-20 00:00:00,2022-10-28 00:00:00,"[68.51, 72.11, 76.87, 75.54, 79.92, 80.91, 79.68]","[67.9342269897461, 67.9342269897461, 67.9342269897461, 67.9342269897461, 67.9342269897461, 67.9342269897461, 67.9342269897461]"
EU_EEX,GRU,197,"{""hidden_units"": 128, ""num_layers"": 3, ""activation"": ""relu"", ""learning_rate"": 0.001, ""batch_size"": 64, ""epochs"": 32}",2022-10-20 00:00:00,2022-10-28 00:00:00,"[68.51, 72.11, 76.87, 75.54, 79.92, 80.91, 79.68]","[67.9342269897461, 67.9342269897461, 67.9342269897461, 67.9342269897461, 67.9342269897461, 67.9342269897461, 67.9342269897461]"
EU_EEX,GRU,198,"{""hidden_units"": 128, ""num_layers"": 3, ""activation"": ""tanh"", ""learning_rate"": 0.01, ""batch_size"": 16, ""epochs"": 32}",2022-10-20 00:00:00,2022-10-28 00:00:00,"[68.51, 72.11, 76.87, 75.54, 79.92, 80.91, 79.68]","[67.0181884765625, 66.78180694580078, 67.11576080322266, 67.15507507324219, 67.04685974121094, 66.98985290527344, 66.99679565429688]"
EU_EEX,GRU,199,"{""hidden_units"": 128, ""num_layers"": 3, ""activation"": ""tanh"", ""learning_rate"": 0.01, ""batch_size"": 32, ""epochs"": 32}",2022-10-20 00:00:00,2022-10-28 00:00:00,"[68.51, 72.11, 76.87, 75.54, 79.92, 80.91, 79.68]","[67.36668395996094, 67.74058532714844, 66.5773696899414, 66.38687133789062, 66.593994140625, 66.82491302490234, 66.66014099121094]"
EU_EEX,GRU,200,"{""hidden_units"": 128, ""num_layers"": 3, ""activation"": ""tanh"", ""learning_rate"": 0.01, ""batch_size"": 64, ""epochs"": 32}",2022-10-20 00:00:00,2022-10-28 00:00:00,"[68.51, 72.11, 76.87, 75.54, 79.92, 80.91, 79.68]","[67.36668395996094, 67.74058532714844, 66.5773696899414, 66.38687133789062, 66.593994140625, 66.82491302490234, 66.66014099121094]"
EU_EEX,GRU,201,"{""hidden_units"": 128, ""num_layers"": 3, ""activation"": ""tanh"", ""learning_rate"": 0.003, ""batch_size"": 16, ""epochs"": 32}",2022-10-20 00:00:00,2022-10-28 00:00:00,"[68.51, 72.11, 76.87, 75.54, 79.92, 80.91, 79.68]","[66.13016510009766, 66.18560791015625, 65.9798812866211, 65.89653015136719, 65.89347076416016, 65.90394592285156, 65.9107666015625]"
EU_EEX,GRU,202,"{""hidden_units"": 128, ""num_layers"": 3, ""activation"": ""tanh"", ""learning_rate"": 0.003, ""batch_size"": 32, ""epochs"": 32}",2022-10-20 00:00:00,2022-10-28 00:00:00,"[68.51, 72.11, 76.87, 75.54, 79.92, 80.91, 79.68]","[66.43031311035156, 66.50367736816406, 66.27020263671875, 65.9830551147461, 65.91400909423828, 65.89976501464844, 65.89556121826172]"
EU_EEX,GRU,203,"{""hidden_units"": 128, ""num_layers"": 3, ""activation"": ""tanh"", ""learning_rate"": 0.003, ""batch_size"": 64, ""epochs"": 32}",2022-10-20 00:00:00,2022-10-28 00:00:00,"[68.51, 72.11, 76.87, 75.54, 79.92, 80.91, 79.68]","[66.43031311035156, 66.50367736816406, 66.27020263671875, 65.9830551147461, 65.91400909423828, 65.89976501464844, 65.89556121826172]"
EU_EEX,GRU,204,"{""hidden_units"": 128, ""num_layers"": 3, ""activation"": ""tanh"", ""learning_rate"": 0.001, ""batch_size"": 16, ""epochs"": 32}",2022-10-20 00:00:00,2022-10-28 00:00:00,"[68.51, 72.11, 76.87, 75.54, 79.92, 80.91, 79.68]","[66.07456970214844, 66.00594329833984, 65.94859313964844, 65.90028381347656, 65.88270568847656, 65.87792205810547, 65.87654876708984]"
EU_EEX,GRU,205,"{""hidden_units"": 128, ""num_layers"": 3, ""activation"": ""tanh"", ""learning_rate"": 0.001, ""batch_size"": 32, ""epochs"": 32}",2022-10-20 00:00:00,2022-10-28 00:00:00,"[68.51, 72.11, 76.87, 75.54, 79.92, 80.91, 79.68]","[66.53864288330078, 66.48968505859375, 66.41663360595703, 66.2445068359375, 66.0987319946289, 66.03626251220703, 66.01192474365234]"
EU_EEX,GRU,206,"{""hidden_units"": 128, ""num_layers"": 3, ""activation"": ""tanh"", ""learning_rate"": 0.001, ""batch_size"": 64, ""epochs"": 32}",2022-10-20 00:00:00,2022-10-28 00:00:00,"[68.51, 72.11, 76.87, 75.54, 79.92, 80.91, 79.68]","[66.53864288330078, 66.48968505859375, 66.41663360595703, 66.2445068359375, 66.0987319946289, 66.03626251220703, 66.01192474365234]"
EU_EEX,GRU,207,"{""hidden_units"": 128, ""num_layers"": 3, ""activation"": ""swish"", ""learning_rate"": 0.01, ""batch_size"": 16, ""epochs"": 32}",2022-10-20 00:00:00,2022-10-28 00:00:00,"[68.51, 72.11, 76.87, 75.54, 79.92, 80.91, 79.68]","[67.42897033691406, 67.43618774414062, 67.43388366699219, 67.43279266357422, 67.42999267578125, 67.42932891845703, 67.42805480957031]"
EU_EEX,GRU,208,"{""hidden_units"": 128, ""num_layers"": 3, ""activation"": ""swish"", ""learning_rate"": 0.01, ""batch_size"": 32, ""epochs"": 32}",2022-10-20 00:00:00,2022-10-28 00:00:00,"[68.51, 72.11, 76.87, 75.54, 79.92, 80.91, 79.68]","[67.36017608642578, 67.36153411865234, 67.3608627319336, 67.36212921142578, 67.36003875732422, 67.3602294921875, 67.36000061035156]"
EU_EEX,GRU,209,"{""hidden_units"": 128, ""num_layers"": 3, ""activation"": ""swish"", ""learning_rate"": 0.01, ""batch_size"": 64, ""epochs"": 32}",2022-10-20 00:00:00,2022-10-28 00:00:00,"[68.51, 72.11, 76.87, 75.54, 79.92, 80.91, 79.68]","[67.36017608642578, 67.36153411865234, 67.3608627319336, 67.36212921142578, 67.36003875732422, 67.3602294921875, 67.36000061035156]"
EU_EEX,GRU,210,"{""hidden_units"": 128, ""num_layers"": 3, ""activation"": ""swish"", ""learning_rate"": 0.003, ""batch_size"": 16, ""epochs"": 32}",2022-10-20 00:00:00,2022-10-28 00:00:00,"[68.51, 72.11, 76.87, 75.54, 79.92, 80.91, 79.68]","[67.43050384521484, 67.42933654785156, 67.42951202392578, 67.43106842041016, 67.43291473388672, 67.43452453613281, 67.43563079833984]"
EU_EEX,GRU,211,"{""hidden_units"": 128, ""num_layers"": 3, ""activation"": ""swish"", ""learning_rate"": 0.003, ""batch_size"": 32, ""epochs"": 32}",2022-10-20 00:00:00,2022-10-28 00:00:00,"[68.51, 72.11, 76.87, 75.54, 79.92, 80.91, 79.68]","[67.46920013427734, 67.45124053955078, 67.45466613769531, 67.49173736572266, 67.54295349121094, 67.57054901123047, 67.58966827392578]"
EU_EEX,GRU,212,"{""hidden_units"": 128, ""num_layers"": 3, ""activation"": ""swish"", ""learning_rate"": 0.003, ""batch_size"": 64, ""epochs"": 32}",2022-10-20 00:00:00,2022-10-28 00:00:00,"[68.51, 72.11, 76.87, 75.54, 79.92, 80.91, 79.68]","[67.46920013427734, 67.45124053955078, 67.45466613769531, 67.49173736572266, 67.54295349121094, 67.57054901123047, 67.58966827392578]"
EU_EEX,GRU,213,"{""hidden_units"": 128, ""num_layers"": 3, ""activation"": ""swish"", ""learning_rate"": 0.001, ""batch_size"": 16, ""epochs"": 32}",2022-10-20 00:00:00,2022-10-28 00:00:00,"[68.51, 72.11, 76.87, 75.54, 79.92, 80.91, 79.68]","[67.41337585449219, 67.40019226074219, 67.39823913574219, 67.4188232421875, 67.46394348144531, 67.50616455078125, 67.54432678222656]"
EU_EEX,GRU,214,"{""hidden_units"": 128, ""num_layers"": 3, ""activation"": ""swish"", ""learning_rate"": 0.001, ""batch_size"": 32, ""epochs"": 32}",2022-10-20 00:00:00,2022-10-28 00:00:00,"[68.51, 72.11, 76.87, 75.54, 79.92, 80.91, 79.68]","[67.3856201171875, 67.3780517578125, 67.37553405761719, 67.38509368896484, 67.40821838378906, 67.4313735961914, 67.45230865478516]"
EU_EEX,GRU,215,"{""hidden_units"": 128, ""num_layers"": 3, ""activation"": ""swish"", ""learning_rate"": 0.001, ""batch_size"": 64, ""epochs"": 32}",2022-10-20 00:00:00,2022-10-28 00:00:00,"[68.51, 72.11, 76.87, 75.54, 79.92, 80.91, 79.68]","[67.3856201171875, 67.3780517578125, 67.37553405761719, 67.38509368896484, 67.40821838378906, 67.4313735961914, 67.45230865478516]"
EU_EEX,GRU,216,"{""hidden_units"": 128, ""num_layers"": 4, ""activation"": ""relu"", ""learning_rate"": 0.01, ""batch_size"": 16, ""epochs"": 32}",2022-10-20 00:00:00,2022-10-28 00:00:00,"[68.51, 72.11, 76.87, 75.54, 79.92, 80.91, 79.68]","[67.9342269897461, 67.9342269897461, 67.9342269897461, 67.9342269897461, 67.9342269897461, 67.9342269897461, 67.9342269897461]"
EU_EEX,GRU,217,"{""hidden_units"": 128, ""num_layers"": 4, ""activation"": ""relu"", ""learning_rate"": 0.01, ""batch_size"": 32, ""epochs"": 32}",2022-10-20 00:00:00,2022-10-28 00:00:00,"[68.51, 72.11, 76.87, 75.54, 79.92, 80.91, 79.68]","[67.9342269897461, 67.9342269897461, 67.9342269897461, 67.9342269897461, 67.9342269897461, 67.9342269897461, 67.9342269897461]"
EU_EEX,GRU,218,"{""hidden_units"": 128, ""num_layers"": 4, ""activation"": ""relu"", ""learning_rate"": 0.01, ""batch_size"": 64, ""epochs"": 32}",2022-10-20 00:00:00,2022-10-28 00:00:00,"[68.51, 72.11, 76.87, 75.54, 79.92, 80.91, 79.68]","[67.9342269897461, 67.9342269897461, 67.9342269897461, 67.9342269897461, 67.9342269897461, 67.9342269897461, 67.9342269897461]"
EU_EEX,GRU,219,"{""hidden_units"": 128, ""num_layers"": 4, ""activation"": ""relu"", ""learning_rate"": 0.003, ""batch_size"": 16, ""epochs"": 32}",2022-10-20 00:00:00,2022-10-28 00:00:00,"[68.51, 72.11, 76.87, 75.54, 79.92, 80.91, 79.68]","[67.9342269897461, 67.9342269897461, 67.9342269897461, 67.9342269897461, 67.9342269897461, 67.9342269897461, 67.9342269897461]"
EU_EEX,GRU,220,"{""hidden_units"": 128, ""num_layers"": 4, ""activation"": ""relu"", ""learning_rate"": 0.003, ""batch_size"": 32, ""epochs"": 32}",2022-10-20 00:00:00,2022-10-28 00:00:00,"[68.51, 72.11, 76.87, 75.54, 79.92, 80.91, 79.68]","[67.9342269897461, 67.9342269897461, 67.9342269897461, 67.9342269897461, 67.9342269897461, 67.9342269897461, 67.9342269897461]"
EU_EEX,GRU,221,"{""hidden_units"": 128, ""num_layers"": 4, ""activation"": ""relu"", ""learning_rate"": 0.003, ""batch_size"": 64, ""epochs"": 32}",2022-10-20 00:00:00,2022-10-28 00:00:00,"[68.51, 72.11, 76.87, 75.54, 79.92, 80.91, 79.68]","[67.9342269897461, 67.9342269897461, 67.9342269897461, 67.9342269897461, 67.9342269897461, 67.9342269897461, 67.9342269897461]"
EU_EEX,GRU,222,"{""hidden_units"": 128, ""num_layers"": 4, ""activation"": ""relu"", ""learning_rate"": 0.001, ""batch_size"": 16, ""epochs"": 32}",2022-10-20 00:00:00,2022-10-28 00:00:00,"[68.51, 72.11, 76.87, 75.54, 79.92, 80.91, 79.68]","[67.9342269897461, 67.9342269897461, 67.9342269897461, 67.9342269897461, 67.9342269897461, 67.9342269897461, 67.9342269897461]"
EU_EEX,GRU,223,"{""hidden_units"": 128, ""num_layers"": 4, ""activation"": ""relu"", ""learning_rate"": 0.001, ""batch_size"": 32, ""epochs"": 32}",2022-10-20 00:00:00,2022-10-28 00:00:00,"[68.51, 72.11, 76.87, 75.54, 79.92, 80.91, 79.68]","[67.9342269897461, 67.9342269897461, 67.9342269897461, 67.9342269897461, 67.9342269897461, 67.9342269897461, 67.9342269897461]"
EU_EEX,GRU,224,"{""hidden_units"": 128, ""num_layers"": 4, ""activation"": ""relu"", ""learning_rate"": 0.001, ""batch_size"": 64, ""epochs"": 32}",2022-10-20 00:00:00,2022-10-28 00:00:00,"[68.51, 72.11, 76.87, 75.54, 79.92, 80.91, 79.68]","[67.9342269897461, 67.9342269897461, 67.9342269897461, 67.9342269897461, 67.9342269897461, 67.9342269897461, 67.9342269897461]"
EU_EEX,GRU,225,"{""hidden_units"": 128, ""num_layers"": 4, ""activation"": ""tanh"", ""learning_rate"": 0.01, ""batch_size"": 16, ""epochs"": 32}",2022-10-20 00:00:00,2022-10-28 00:00:00,"[68.51, 72.11, 76.87, 75.54, 79.92, 80.91, 79.68]","[65.86997985839844, 65.86997985839844, 65.86997985839844, 65.86997985839844, 65.86997985839844, 65.86997985839844, 65.86997985839844]"
EU_EEX,GRU,226,"{""hidden_units"": 128, ""num_layers"": 4, ""activation"": ""tanh"", ""learning_rate"": 0.01, ""batch_size"": 32, ""epochs"": 32}",2022-10-20 00:00:00,2022-10-28 00:00:00,"[68.51, 72.11, 76.87, 75.54, 79.92, 80.91, 79.68]","[66.83235168457031, 67.15599822998047, 67.01177215576172, 66.7473373413086, 66.65674591064453, 66.21676635742188, 66.2251968383789]"
EU_EEX,GRU,227,"{""hidden_units"": 128, ""num_layers"": 4, ""activation"": ""tanh"", ""learning_rate"": 0.01, ""batch_size"": 64, ""epochs"": 32}",2022-10-20 00:00:00,2022-10-28 00:00:00,"[68.51, 72.11, 76.87, 75.54, 79.92, 80.91, 79.68]","[66.83235168457031, 67.15599822998047, 67.01177215576172, 66.7473373413086, 66.65674591064453, 66.21676635742188, 66.2251968383789]"
EU_EEX,GRU,228,"{""hidden_units"": 128, ""num_layers"": 4, ""activation"": ""tanh"", ""learning_rate"": 0.003, ""batch_size"": 16, ""epochs"": 32}",2022-10-20 00:00:00,2022-10-28 00:00:00,"[68.51, 72.11, 76.87, 75.54, 79.92, 80.91, 79.68]","[66.83651733398438, 66.84202575683594, 66.78582000732422, 66.91846466064453, 67.31916809082031, 67.71337127685547, 67.729248046875]"
EU_EEX,GRU,229,"{""hidden_units"": 128, ""num_layers"": 4, ""activation"": ""tanh"", ""learning_rate"": 0.003, ""batch_size"": 32, ""epochs"": 32}",2022-10-20 00:00:00,2022-10-28 00:00:00,"[68.51, 72.11, 76.87, 75.54, 79.92, 80.91, 79.68]","[66.22116088867188, 66.08843994140625, 66.01402282714844, 65.96426391601562, 65.95256042480469, 65.93901824951172, 65.9419937133789]"
EU_EEX,GRU,230,"{""hidden_units"": 128, ""num_layers"": 4, ""activation"": ""tanh"", ""learning_rate"": 0.003, ""batch_size"": 64, ""epochs"": 32}",2022-10-20 00:00:00,2022-10-28 00:00:00,"[68.51, 72.11, 76.87, 75.54, 79.92, 80.91, 79.68]","[66.22116088867188, 66.08843994140625, 66.01402282714844, 65.96426391601562, 65.95256042480469, 65.93901824951172, 65.9419937133789]"
EU_EEX,GRU,231,"{""hidden_units"": 128, ""num_layers"": 4, ""activation"": ""tanh"", ""learning_rate"": 0.001, ""batch_size"": 16, ""epochs"": 32}",2022-10-20 00:00:00,2022-10-28 00:00:00,"[68.51, 72.11, 76.87, 75.54, 79.92, 80.91, 79.68]","[66.11014556884766, 66.02420806884766, 65.97280883789062, 65.9356918334961, 65.91669464111328, 65.90801239013672, 65.90309143066406]"
EU_EEX,GRU,232,"{""hidden_units"": 128, ""num_layers"": 4, ""activation"": ""tanh"", ""learning_rate"": 0.001, ""batch_size"": 32, ""epochs"": 32}",2022-10-20 00:00:00,2022-10-28 00:00:00,"[68.51, 72.11, 76.87, 75.54, 79.92, 80.91, 79.68]","[66.42315673828125, 66.3290023803711, 66.25314331054688, 66.16197967529297, 66.08464813232422, 66.03775787353516, 66.00960540771484]"
EU_EEX,GRU,233,"{""hidden_units"": 128, ""num_layers"": 4, ""activation"": ""tanh"", ""learning_rate"": 0.001, ""batch_size"": 64, ""epochs"": 32}",2022-10-20 00:00:00,2022-10-28 00:00:00,"[68.51, 72.11, 76.87, 75.54, 79.92, 80.91, 79.68]","[66.42315673828125, 66.3290023803711, 66.25314331054688, 66.16197967529297, 66.08464813232422, 66.03775787353516, 66.00960540771484]"
EU_EEX,GRU,234,"{""hidden_units"": 128, ""num_layers"": 4, ""activation"": ""swish"", ""learning_rate"": 0.01, ""batch_size"": 16, ""epochs"": 32}",2022-10-20 00:00:00,2022-10-28 00:00:00,"[68.51, 72.11, 76.87, 75.54, 79.92, 80.91, 79.68]","[67.37187194824219, 67.36650848388672, 67.37059783935547, 67.36715698242188, 67.37118530273438, 67.37288665771484, 67.37308502197266]"
EU_EEX,GRU,235,"{""hidden_units"": 128, ""num_layers"": 4, ""activation"": ""swish"", ""learning_rate"": 0.01, ""batch_size"": 32, ""epochs"": 32}",2022-10-20 00:00:00,2022-10-28 00:00:00,"[68.51, 72.11, 76.87, 75.54, 79.92, 80.91, 79.68]","[67.36007690429688, 67.36013793945312, 67.36021423339844, 67.36021423339844, 67.36017608642578, 67.36017608642578, 67.36019897460938]"
EU_EEX,GRU,236,"{""hidden_units"": 128, ""num_layers"": 4, ""activation"": ""swish"", ""learning_rate"": 0.01, ""batch_size"": 64, ""epochs"": 32}",2022-10-20 00:00:00,2022-10-28 00:00:00,"[68.51, 72.11, 76.87, 75.54, 79.92, 80.91, 79.68]","[67.36007690429688, 67.36013793945312, 67.36021423339844, 67.36021423339844, 67.36017608642578, 67.36017608642578, 67.36019897460938]"
EU_EEX,GRU,237,"{""hidden_units"": 128, ""num_layers"": 4, ""activation"": ""swish"", ""learning_rate"": 0.003, ""batch_size"": 16, ""epochs"": 32}",2022-10-20 00:00:00,2022-10-28 00:00:00,"[68.51, 72.11, 76.87, 75.54, 79.92, 80.91, 79.68]","[67.4476089477539, 67.44355773925781, 67.4437026977539, 67.4451904296875, 67.44744110107422, 67.4478530883789, 67.44947052001953]"
EU_EEX,GRU,238,"{""hidden_units"": 128, ""num_layers"": 4, ""activation"": ""swish"", ""learning_rate"": 0.003, ""batch_size"": 32, ""epochs"": 32}",2022-10-20 00:00:00,2022-10-28 00:00:00,"[68.51, 72.11, 76.87, 75.54, 79.92, 80.91, 79.68]","[67.41610717773438, 67.40928649902344, 67.4113998413086, 67.42110443115234, 67.43424987792969, 67.44229888916016, 67.45111846923828]"
EU_EEX,GRU,239,"{""hidden_units"": 128, ""num_layers"": 4, ""activation"": ""swish"", ""learning_rate"": 0.003, ""batch_size"": 64, ""epochs"": 32}",2022-10-20 00:00:00,2022-10-28 00:00:00,"[68.51, 72.11, 76.87, 75.54, 79.92, 80.91, 79.68]","[67.41610717773438, 67.40928649902344, 67.4113998413086, 67.42110443115234, 67.43424987792969, 67.44229888916016, 67.45111846923828]"
EU_EEX,GRU,240,"{""hidden_units"": 128, ""num_layers"": 4, ""activation"": ""swish"", ""learning_rate"": 0.001, ""batch_size"": 16, ""epochs"": 32}",2022-10-20 00:00:00,2022-10-28 00:00:00,"[68.51, 72.11, 76.87, 75.54, 79.92, 80.91, 79.68]","[67.37491607666016, 67.37352752685547, 67.37544250488281, 67.38108825683594, 67.38919067382812, 67.39864349365234, 67.40937042236328]"
EU_EEX,GRU,241,"{""hidden_units"": 128, ""num_layers"": 4, ""activation"": ""swish"", ""learning_rate"": 0.001, ""batch_size"": 32, ""epochs"": 32}",2022-10-20 00:00:00,2022-10-28 00:00:00,"[68.51, 72.11, 76.87, 75.54, 79.92, 80.91, 79.68]","[67.39033508300781, 67.38831329345703, 67.39057159423828, 67.3975830078125, 67.40766143798828, 67.41860961914062, 67.43047332763672]"
EU_EEX,GRU,242,"{""hidden_units"": 128, ""num_layers"": 4, ""activation"": ""swish"", ""learning_rate"": 0.001, ""batch_size"": 64, ""epochs"": 32}",2022-10-20 00:00:00,2022-10-28 00:00:00,"[68.51, 72.11, 76.87, 75.54, 79.92, 80.91, 79.68]","[67.39033508300781, 67.38831329345703, 67.39057159423828, 67.3975830078125, 67.40766143798828, 67.41860961914062, 67.43047332763672]"
